	anime_ids	name	genre	type	episodes	rating	members
0	1723	Kimi no Na wa.	Drama,Romance,School,Supernatural	Movie	1	9.37	200630
11	6306	Koe no Katachi	Drama,School,Shounen	Movie	1	9.05	102733
15	19	Sen to Chihiro no Kamikakushi	Adventure,Drama,Supernatural	Movie	1	8.93	466254
24	18	Mononoke Hime	Action,Adventure,Fantasy	Movie	1	8.81	339556
34	27	Howl no Ugoku Shiro	Adventure,Drama,Fantasy,Romance	Movie	1	8.74	333186
38	165	Bakuman. 3rd Season	Comedy,Drama,Romance,Shounen	TV	25	8.71	133620
41	1441	Ansatsu Kyoushitsu (TV) 2nd Season	Action,Comedy,School,Shounen	TV	25	8.68	176475
62	1316	JoJo no Kimyou na Bouken: Stardust Crusaders 2nd Season	Action,Adventure,Drama,Shounen,Supernatural	TV	24	8.6	93657
68	292	Bakemono no Ko	Adventure,Supernatural	Movie	1	8.58	80825
83	139	Bakuman. 2nd Season	Comedy,Drama,Romance,Shounen	TV	25	8.53	151561
90	376	Fate/Zero	Action,Fantasy,Supernatural	TV	13	8.51	453630
106	1865	Shirobako	Comedy,Drama	TV	24	8.49	146895
109	307	Noragami Aragoto	Action,Adventure,Shounen,Supernatural	TV	13	8.48	299434
111	32	Tonari no Totoro	Adventure,Comedy,Supernatural	Movie	1	8.48	271484
113	34	Kaze no Tani no Nausicaä	Adventure,Fantasy	Movie	1	8.47	143273
124	3444	Kemono no Souja Erin	Drama,Fantasy	TV	50	8.45	36751
128	560	Toki wo Kakeru Shoujo	Adventure,Drama,Romance,Sci-Fi	Movie	1	8.44	289206
129	689	Tsubasa: Tokyo Revelations	Action,Adventure,Drama,Fantasy,Romance,Shounen	OVA	3	8.44	57963
138	719	One Piece Film: Strong World	Action,Adventure,Comedy,Drama,Fantasy,Shounen	Movie	1	8.42	85020
154	9	Angel Beats!	Action,Comedy,Drama,School,Supernatural	TV	13	8.39	717796
157	525	One Piece Film: Z	Action,Adventure,Comedy,Drama,Fantasy,Shounen	Movie	1	8.39	76051
164	31	Tenkuu no Shiro Laputa	Adventure,Fantasy,Romance,Sci-Fi	Movie	1	8.38	151061
177	1105	SKET Dance	Comedy,School,Shounen	TV	77	8.36	101027
178	115	Bakuman.	Comedy,Romance,Shounen	TV	25	8.35	246899
202	1890	Kokoro ga Sakebitagatterunda.	Drama,Romance,School	Movie	1	8.32	59652
204	200	Nagi no Asukara	Drama,Fantasy,Romance	TV	26	8.32	224947
206	5151	One Piece Film: Gold	Action,Adventure,Comedy,Drama,Fantasy,Shounen	Movie	1	8.32	18642
207	1762	Tokyo Godfathers	Comedy,Drama	Movie	1	8.32	89424
208	359	Trigun	Action,Comedy,Sci-Fi	TV	26	8.32	283069
213	981	Yahari Ore no Seishun Love Comedy wa Machigatteiru. Zoku	Comedy,Drama,Romance,School	TV	13	8.31	222994
214	5277	Yahari Ore no Seishun Love Comedy wa Machigatteiru. Zoku OVA	Comedy,Romance,School	OVA	1	8.31	35120
219	88	Summer Wars	Comedy,Sci-Fi	Movie	1	8.3	223359
237	1286	Tsumiki no Ie	Drama	Movie	1	8.27	45189
242	2374	Saint Seiya: Meiou Hades Juuni Kyuu-hen	Adventure,Sci-Fi,Shounen	OVA	13	8.26	23701
248	964	JoJo no Kimyou na Bouken: Stardust Crusaders	Action,Adventure,Drama,Shounen,Supernatural	TV	24	8.25	120089
253	261	Gekkan Shoujo Nozaki-kun	Comedy,Romance,School	TV	12	8.24	292622
286	447	Full Metal Panic? Fumoffu	Action,Comedy,School	TV	12	8.21	171086
292	1426	Ansatsu Kyoushitsu (TV)	Action,Comedy,School,Shounen	TV	22	8.2	312654
295	47	D.Gray-man	Action,Adventure,Comedy,Shounen	TV	103	8.2	334399
298	1336	Lupin III: Cagliostro no Shiro	Adventure,Comedy,Shounen	Movie	1	8.2	32732
311	397	Tokyo Magnitude 8.0	Drama	TV	11	8.19	121349
328	227	Noragami	Action,Adventure,Shounen,Supernatural	TV	12	8.17	515378
340	1321	Mirai Shounen Conan	Adventure,Drama,Sci-Fi	TV	26	8.16	15557
352	4892	Kyou kara Ore wa!!	Comedy,Shounen	OVA	10	8.15	7954
356	620	School Rumble Ni Gakki	Comedy,Romance,School,Shounen	TV	26	8.15	93095
360	4231	Ginga Nagareboshi Gin	Action,Adventure,Drama,Shounen	TV	21	8.14	10575
368	2127	Digimon Adventure tri. 3: Kokuhaku	Action,Adventure,Comedy,Drama	Movie	1	8.13	20989
370	2931	Igano Kabamaru	Adventure,Comedy,Romance,Shounen	TV	24	8.13	5063
386	2187	Noragami Aragoto OVA	Action,Adventure,Shounen	OVA	2	8.12	58075
389	504	Yahari Ore no Seishun Love Comedy wa Machigatteiru.	Comedy,Drama,Romance,School	TV	13	8.12	353876
397	3209	There She Is!!	Comedy,Romance	ONA	5	8.11	13935
403	1579	Karigurashi no Arrietty	Fantasy	Movie	1	8.1	97910
414	1225	Kobato.	Comedy,Drama,Fantasy	TV	24	8.09	88986
417	988	One Piece 3D2Y: Ace no shi wo Koete! Luffy Nakama Tono Chikai	Adventure,Comedy,Fantasy,Shounen	Special	1	8.09	30516
426	1132	SKET Dance OVA	Comedy,School,Shounen	OVA	1	8.08	11342
427	67	Soul Eater	Action,Adventure,Comedy,Fantasy,Shounen,Supernatural	TV	51	8.08	580184
428	1219	Trigun: Badlands Rumble	Action,Comedy,Sci-Fi	Movie	1	8.08	68181
449	418	Nekomonogatari: Kuro	Comedy,Romance,Supernatural	TV	4	8.06	173264
451	568	School Rumble	Comedy,Romance,School,Shounen	TV	26	8.06	178553
455	1618	Grisaia no Meikyuu: Caprice no Mayu 0	Drama	Special	1	8.05	70039
460	1009	Yakitate!! Japan	Comedy,Shounen	TV	69	8.05	50876
463	400	Durarara!! Specials	Action,Comedy,Supernatural	Special	2	8.04	103105
480	1308	Kono Subarashii Sekai ni Shukufuku wo!	Adventure,Comedy,Fantasy,Supernatural	TV	10	8.03	244877
484	1948	Saint Seiya	Adventure,Fantasy,Sci-Fi,Shounen	TV	114	8.03	70559
489	543	Clannad: After Story - Mou Hitotsu no Sekai, Kyou-hen	Drama,Romance,School	Special	1	8.02	138364
493	3580	Magic Kaito	Adventure,Comedy,Romance,Shounen	Special	12	8.02	27274
494	1461	Sakigake!! Cromartie Koukou	Comedy,School,Shounen	TV	26	8.02	67254
510	281	Gekkan Shoujo Nozaki-kun Specials	Comedy,Romance,School	Special	6	8.0	52672
535	613	Neko no Ongaeshi	Adventure,Drama,Fantasy	Movie	1	7.98	92499
546	5066	Lupin III (2015)	Action,Adventure,Comedy,Shounen	TV	24	7.97	16938
577	1841	Kyousou Giga (TV)	Action,Fantasy,Supernatural	TV	10	7.95	67732
578	2061	Magic Kaito 1412	Adventure,Comedy,Romance,Shounen	TV	24	7.95	43545
580	1869	Plastic Memories	Drama,Romance,Sci-Fi	TV	13	7.95	213493
597	573	Last Exile	Action,Adventure,Sci-Fi	TV	26	7.94	104193
605	61	Gake no Ue no Ponyo	Adventure,Fantasy	Movie	1	7.93	140277
609	5002	Hoozuki no Reitetsu OVA	Comedy,Fantasy,Supernatural	OVA	3	7.93	6073
610	1203	Keroro Gunsou	Comedy,Sci-Fi,Shounen	TV	358	7.93	31632
611	1335	Lupin III: Part II	Action,Adventure,Comedy,Shounen	TV	155	7.93	10873
616	2613	Saint Seiya: The Hades Chapter Sanctuary - Yomigaerishi Gold Saint-tachi no Shinwa	Adventure,Sci-Fi,Shounen	Special	2	7.93	4975
641	1771	Kino no Tabi: Nanika wo Suru Tame ni - Life Goes On.	Adventure,Drama,Fantasy	Movie	1	7.91	26746
649	4631	Arashi no Yoru ni	Adventure,Comedy,Drama,Fantasy	Movie	1	7.9	11458
659	1898	Michiko to Hatchin	Action,Adventure	TV	22	7.9	82625
663	799	Tegamibachi Reverse	Adventure,Fantasy,Shounen,Supernatural	TV	25	7.9	36228
677	232	Noragami OVA	Action,Adventure,Shounen	OVA	2	7.89	104775
679	4819	Urusei Yatsura Movie 2: Beautiful Dreamer	Action,Adventure,Comedy,Drama,Romance,Sci-Fi	Movie	1	7.89	5663
682	3011	Ansatsu Kyoushitsu (TV) 2nd Season: Kagaijugyou-hen	Action,Comedy,School,Shounen	ONA	8	7.88	7999
686	2507	Black Jack	Drama	OVA	12	7.88	14414
687	286	Dungeon ni Deai wo Motomeru no wa Machigatteiru Darou ka	Action,Adventure,Comedy,Fantasy,Romance	TV	13	7.88	336349
698	1031	The Law of Ueki	Adventure,Comedy,Drama,Shounen,Supernatural	TV	51	7.88	60027
701	1453	Hai to Gensou no Grimgar	Action,Adventure,Drama,Fantasy	TV	12	7.87	213342
703	3510	Huyao Xiao Hongniang: Yue Hong	Comedy,Romance	ONA	13	7.87	1043
706	1779	Kino no Tabi: The Beautiful World - Byouki no Kuni - For You	Adventure,Drama,Fantasy	Movie	1	7.87	23453
740	6380	Hello! Lady Lynn	Drama	TV	36	7.85	1757
746	383	Mondaiji-tachi ga Isekai kara Kuru Sou Desu yo?	Comedy,Fantasy,Supernatural	TV	10	7.85	218231
747	1439	Nanatsu no Taizai OVA	Action,Adventure,Fantasy,Shounen,Supernatural	OVA	2	7.85	37540
750	2287	School Rumble Ichi Gakki Hoshuu	Comedy,Romance,School,Shounen	OVA	2	7.85	40868
753	253	Akame ga Kill!	Action,Adventure,Fantasy	TV	24	7.84	492133
759	226	Hoozuki no Reitetsu	Comedy,Fantasy,Supernatural	TV	13	7.84	47619
776	1988	Kingsglaive: Final Fantasy XV	Action	Movie	1	7.83	15508
781	17	Shaman King	Action,Adventure,Comedy,Drama,Shounen,Supernatural	TV	64	7.83	169517
783	3330	Tetsuwan Birdy Decode:02	Action,Comedy,Sci-Fi	TV	12	7.83	29622
789	1905	Dragon Ball Z Special 2: Zetsubou e no Hankou!! Nokosareta Chousenshi - Gohan to Trunks	Adventure,Drama,Fantasy,Shounen	Special	1	7.82	43673
809	827	Hoshi wo Ou Kodomo	Adventure,Fantasy,Romance	Movie	1	7.81	76286
814	1310	Kono Subarashii Sekai ni Shukufuku wo! OVA	Comedy,Fantasy	OVA	1	7.81	46823
830	3507	Huyao Xiao Hongniang: Wangquan Fugui	Comedy,Romance,Supernatural	ONA	14	7.8	1119
838	814	Angel Beats! Specials	Action,Comedy,School,Supernatural	Special	2	7.79	139013
846	172	Inu x Boku SS Special	Comedy,Shounen,Supernatural	Special	1	7.79	46803
855	690	Shakugan no Shana II (Second)	Action,Drama,Fantasy,Romance,School,Supernatural	TV	24	7.79	184525
863	455	Full Metal Panic! The Second Raid: Wari to Hima na Sentaichou no Ichinichi	Comedy	Special	1	7.78	51688
871	146	Momo e no Tegami	Drama,Supernatural	Movie	1	7.78	30519
878	3180	Ranma ½ Specials	Comedy,Drama,Romance,Shounen	OVA	2	7.78	11084
884	4809	Urusei Yatsura	Action,Adventure,Comedy,Drama,Romance,Sci-Fi	TV	195	7.78	23020
885	1207	Utawarerumono	Action,Drama,Fantasy,Sci-Fi	TV	26	7.78	91034
887	2537	Black Jack 21	Action,Drama	TV	17	7.77	6063
888	327	Digimon Adventure tri. 2: Ketsui	Action,Adventure,Comedy,Drama	Movie	1	7.77	30684
895	29	One Piece Movie 6: Omatsuri Danshaku to Himitsu no Shima	Adventure,Comedy,Fantasy,Shounen	Movie	1	7.77	37792
913	365	Lupin III	Action,Adventure,Comedy,Shounen	TV	23	7.76	34373
917	141	No.6	Action,Sci-Fi	TV	11	7.76	168017
920	97	Tegamibachi	Adventure,Fantasy,Shounen,Supernatural	TV	25	7.76	70987
926	1906	Dragon Ball Z Special 1: Tatta Hitori no Saishuu Kessen	Adventure,Comedy,Fantasy,Sci-Fi,Shounen	Special	1	7.75	46276
935	986	Kyoukai no Kanata Movie: I&#039;ll Be Here - Kako-hen	Action,Fantasy,Supernatural	Movie	1	7.75	42304
937	1989	One Piece: Heart of Gold	Action,Adventure,Comedy,Drama,Fantasy,Shounen	Special	1	7.75	17443
941	4361	Utawarerumono Specials	Action,Comedy,Drama,Fantasy	Special	6	7.75	11149
942	1425	World Trigger	Action,School,Sci-Fi,Shounen,Supernatural	TV	73	7.75	106872
945	2536	Black Jack (TV)	Drama	TV	61	7.74	15552
963	596	Shakugan no Shana	Action,Drama,Fantasy,Romance,School,Supernatural	TV	24	7.74	297058
966	2021	Toriko	Action,Adventure,Comedy,Fantasy,Shounen	TV	147	7.74	54790
972	1100	Katekyo Hitman Reborn! Special	Comedy,Shounen	ONA	1	7.73	19991
973	656	Kekkaishi	Adventure,Comedy,Fantasy,Shounen	TV	52	7.73	61884
978	777	Shakugan no Shana III (Final)	Action,Drama,Fantasy,Romance,Supernatural	TV	24	7.73	133010
982	2918	Ansatsu Kyoushitsu: 365-nichi no Jikan	Action,Comedy,School,Shounen	Movie	1	7.72	14896
984	1879	Dragon Ball Z Movie 12: Fukkatsu no Fusion!! Gokuu to Vegeta	Adventure,Comedy,Fantasy,Sci-Fi,Shounen	Movie	1	7.72	56994
986	6980	Ie Naki Ko Remi Specials	Adventure,Drama	Special	3	7.72	781
989	524	Kyoukaisenjou no Horizon II	Action,Fantasy,Sci-Fi	TV	13	7.72	46781
997	4821	Urusei Yatsura Movie 5: Final	Action,Adventure,Comedy,Drama,Romance,Sci-Fi	Movie	1	7.72	2783
1005	3856	Gensoumaden Saiyuuki	Adventure,Comedy,Drama,Shounen,Supernatural	TV	50	7.71	31179
1025	3663	Final Fantasy VII: Advent Children - Venice Film Festival Footage	Action,Drama,Fantasy,Sci-Fi	Movie	1	7.7	6498
1029	3454	Hourou Musuko Specials	Drama,School	Special	2	7.7	4714
1050	3536	Chuuka Ichiban!	Action,Comedy,Drama,Shounen	TV	52	7.69	8586
1051	258	Gugure! Kokkuri-san	Comedy,Shounen,Supernatural	TV	12	7.69	87824
1052	1628	Hanbun no Tsuki ga Noboru Sora	Comedy,Drama,Romance	TV	6	7.69	65125
1054	152	Inu x Boku SS	Comedy,Romance,Shounen,Supernatural	TV	12	7.69	216204
1062	3212	Moyashimon	Comedy,School,Supernatural	TV	11	7.69	44465
1069	195	Zettai Karen Children: The Unlimited - Hyoubu Kyousuke	Shounen,Supernatural	TV	12	7.69	61919
1081	1376	Aura: Maryuuin Kouga Saigo no Tatakai	Comedy,Drama,Romance,School,Supernatural	Movie	1	7.67	22599
1082	5029	City Hunter: Goodbye My Sweetheart	Adventure,Comedy,Shounen	Special	1	7.67	2832
1092	1623	Kiznaiver	Drama,Sci-Fi	TV	12	7.67	197912
1105	276	Digimon Adventure tri. 1: Saikai	Action,Adventure,Comedy,Drama	Movie	1	7.66	58274
1110	5287	Keroro Gunsou Movie 3: Tenkuu Daikessen de Arimasu!	Comedy,Sci-Fi,Shounen	Movie	1	7.66	2430
1128	622	Digimon Tamers	Adventure,Comedy,Drama,Fantasy,Shounen	TV	51	7.65	94391
1133	3773	Kappa no Coo to Natsuyasumi	Adventure,Shounen	Movie	1	7.65	6953
1168	564	Angel Beats!: Another Epilogue	Drama,School,Supernatural	Special	1	7.63	134180
1189	3430	Cardcaptor Sakura Specials	Comedy	Special	3	7.62	18604
1192	1878	Dragon Ball Z Movie 08: Moetsukiro!! Nessen, Ressen, Chougekisen	Adventure,Comedy,Fantasy,Sci-Fi,Shounen	Movie	1	7.62	65953
1216	3558	Freedom	Action,Adventure,Sci-Fi	OVA	7	7.61	13918
1224	1728	Planetarian: Chiisana Hoshi no Yume	Drama,Sci-Fi	ONA	5	7.61	38303
1233	6667	Urusei Yatsura OVA	Adventure,Comedy,Sci-Fi	OVA	11	7.61	2470
1234	551	Yahari Ore no Seishun Love Comedy wa Machigatteiru. OVA	Comedy,Romance,School	OVA	1	7.61	80676
1237	60	Bleach Movie 2: The DiamondDust Rebellion - Mou Hitotsu no Hyourinmaru	Action,Adventure,Shounen,Supernatural	Movie	1	7.6	134739
1239	935	Chuunibyou demo Koi ga Shitai!: Kirameki no... Slapstick Noel	Comedy,School	Special	1	7.6	72085
1240	5030	City Hunter: Kinkyuu Namachuukei!? Kyouakuhan Saeba Ryou no Saigo	Shounen	Special	1	7.6	2506
1245	2343	Hottarake no Shima: Haruka to Mahou no Kagami	Fantasy	Movie	1	7.6	6517
1246	2382	Jibaku-kun	Adventure,Comedy,Fantasy	TV	26	7.6	6036
1260	3666	Shonan Junai Gumi!	Action,Comedy,School	OVA	5	7.6	20261
1263	2120	Tales of Zestiria the X	Action,Adventure,Fantasy	TV	12	7.6	107325
1272	2677	Katekyo Hitman Reborn!: Mr. Rebokku no Ciao Ciao Interview	Comedy	Special	3	7.59	12153
1275	1399	Kyou kara Maou! R	Adventure,Comedy,Fantasy	OVA	5	7.59	14845
1280	333	Noblesse: Pamyeol-ui Sijak	Action,Adventure,Supernatural	OVA	1	7.59	12418
1281	688	One Piece: Straw Hat Theater	Adventure,Fantasy,Shounen	Special	5	7.59	17153
1283	6006	Patapata Hikousen no Bouken	Adventure,Sci-Fi	TV	26	7.59	2629
1291	269	Yamada-kun to 7-nin no Majo (OVA)	Comedy,Romance,School,Shounen	OVA	2	7.59	33816
1303	2084	Level E	Comedy,Sci-Fi,Shounen	TV	13	7.58	55252
1311	1220	Chrome Shelled Regios	Action,Adventure,Fantasy,School,Sci-Fi	TV	24	7.57	103615
1333	1592	Carnival Phantasm EX Season	Comedy,Supernatural	OVA	1	7.56	22955
1345	6501	Keroro Gunsou Movie 4: Gekishin Dragon Warriors de Arimasu!	Comedy	Movie	1	7.56	2048
1355	1218	Tetsuwan Birdy Decode	Action,Comedy,Sci-Fi	TV	13	7.56	50384
1381	6216	Lupin III: Otakara Henkyaku Daisakusen!!	Adventure,Comedy,Shounen	Special	1	7.55	2871
1383	6928	Masuda Kousuke Gekijou Gag Manga Biyori 2	Comedy	TV	12	7.55	1846
1387	552	Ore no Nounai Sentakushi ga, Gakuen Love Comedy wo Zenryoku de Jama Shiteiru	Comedy,Romance,School	TV	10	7.55	179569
1393	1509	True Tears	Drama,Romance,School	TV	13	7.55	118644
1394	802	&quot;Bungaku Shoujo&quot; Memoire	Drama,Romance,School	OVA	3	7.54	18013
1395	1947	Bobobo-bo Bo-bobo	Adventure,Comedy,Sci-Fi,Shounen	TV	76	7.54	39041
1402	1880	Dragon Ball Z Movie 13: Ryuuken Bakuhatsu!! Goku ga Yaraneba Dare ga Yaru	Adventure,Comedy,Fantasy,Sci-Fi,Shounen	Movie	1	7.54	50607
1408	1754	Karas	Action,Fantasy,Sci-Fi	OVA	6	7.54	44108
1432	1763	Pale Cocoon	Drama,Sci-Fi	OVA	1	7.53	44030
1444	3538	Angel Densetsu	Action,Comedy,School	OVA	2	7.52	10795
1451	3028	Harmonie	Drama,School,Supernatural	Movie	1	7.52	29029
1465	3178	Ranma ½: Kessen Tougenkyou! Hanayome wo Torimodose!	Adventure,Comedy,Shounen	Movie	1	7.52	12418
1470	473	Slayers Evolution-R	Adventure,Comedy,Fantasy	TV	13	7.52	20508
1472	1682	Tales of Zestiria: Doushi no Yoake	Fantasy	Special	1	7.52	23484
1478	1054	Busou Renkin	Action,Comedy,Fantasy,School,Shounen,Supernatural	TV	26	7.51	104607
1482	6470	Doraemon Movie 05: Nobita no Makai Daibouken	Fantasy	Movie	1	7.51	1321
1489	3854	Little Nemo	Adventure,Fantasy	Movie	1	7.51	4886
1490	4637	Maria-sama ga Miteru 3rd Specials	Comedy	Special	5	7.51	5072
1492	563	Mirai Nikki	Action,Shounen,Supernatural	OVA	1	7.51	114217
1503	4210	Winter Sonata	Drama,Romance	TV	26	7.51	13582
1510	6119	Dotto Koni-chan	Comedy	TV	26	7.5	1397
1513	2395	Gatchaman Crowds: Embrace	Adventure,Sci-Fi	Special	1	7.5	10757
1520	2398	Kono Bijutsubu ni wa Mondai ga Aru!	Comedy,Romance,School	TV	12	7.5	69088
1521	6103	Lupin III: Part III	Action,Adventure,Comedy,Shounen	TV	50	7.5	6883
1530	1372	Sakasama no Patema: Beginning of the Day	Sci-Fi	Special	4	7.5	16933
1532	1087	Tengen Toppa Gurren Lagann Movie: Lagann-hen Special - Viral no Amai Yume	Comedy	OVA	1	7.5	19219
1534	2532	Yuu☆Yuu☆Hakusho: Eizou Hakusho II	Action,Adventure,Comedy,Shounen,Supernatural	OVA	4	7.5	6166
1544	201	Love Lab	Comedy,Romance,School	TV	13	7.49	79493
1546	1788	Mai-Otome 0: S.ifr	Sci-Fi	OVA	3	7.49	11171
1547	5462	Maison Ikkoku: Kanketsu-hen	Comedy,Drama,Romance	Movie	1	7.49	3109
1549	649	One Piece: Mamore! Saigo no Dai Butai	Adventure,Comedy,Fantasy,Shounen	Special	1	7.49	16495
1551	1090	Pandora Hearts Specials	Comedy	Special	9	7.49	32103
1555	769	Shakugan no Shana S	Action,Drama,Fantasy,Romance,School,Supernatural	OVA	4	7.49	53129
1561	5642	Tibet Inu Monogatari	Adventure	Movie	1	7.49	2647
1569	1921	Carnival Phantasm: HibiChika Special	Comedy,Supernatural	Special	1	7.48	14893
1572	3739	Gensoumaden Saiyuuki Movie: Requiem - Erabarezaru Mono e no Chinkonka	Adventure,Shounen,Supernatural	Movie	1	7.48	6442
1578	3495	Huyao Xiao Hongniang	Comedy,Romance	ONA	13	7.48	2696
1581	6500	Keroro Gunsou Movie 2: Shinkai no Princess de Arimasu!	Action,Adventure,Comedy,Drama,Sci-Fi,Shounen	Movie	1	7.48	2941
1582	695	Kimikiss Pure Rouge	Drama,Romance,School	TV	24	7.48	58211
1584	4453	Lupin III: Kutabare! Nostradamus	Action,Adventure,Comedy,Shounen	Movie	1	7.48	4383
1595	2908	Yankee-kun na Yamada-kun to Megane-chan to Majo	Comedy,School,Shounen	Special	1	7.48	7170
1598	2531	Yuu☆Yuu☆Hakusho: Eizou Hakusho	Action,Adventure,Shounen,Supernatural	OVA	2	7.48	6352
1608	4267	Futatsu no Spica	Drama,School,Sci-Fi,Supernatural	TV	20	7.47	5894
1609	218	Gatchaman Crowds	Adventure,Sci-Fi	TV	12	7.47	107513
1610	1978	Gatchaman Crowds Insight	Adventure,Sci-Fi	TV	12	7.47	41220
1616	1844	Hitsugi no Chaika	Action,Adventure,Comedy,Fantasy,Romance,Shounen	TV	12	7.47	164510
1620	6121	Legendz: Yomigaeru Ryuuou Densetsu	Action,Adventure,Comedy,Fantasy	TV	50	7.47	1370
1624	5511	Mei to Koneko Bus	Adventure,Fantasy	Special	1	7.47	7714
1638	1798	Tales of the Abyss	Adventure,Drama,Fantasy	TV	26	7.47	74901
1645	2576	Zettai Karen Children	Action,Comedy,Shounen,Supernatural	TV	51	7.47	25876
1646	3300	Zutto Mae kara Suki deshita.: Kokuhaku Jikkou Iinkai	Romance,School	Movie	1	7.47	35058
1648	3084	Cardcaptor Sakura: Leave It to Kero-chan	Comedy	Movie	1	7.46	20410
1653	598	Final Fantasy VII: Last Order	Action,Adventure,Drama,Fantasy,Sci-Fi	OVA	1	7.46	48041
1654	337	Fukigen na Mononokean	Comedy,Supernatural	TV	13	7.46	44786
1667	607	One Piece Movie 7: Karakuri-jou no Mecha Kyohei	Adventure,Comedy,Fantasy,Shounen	Movie	1	7.46	33028
1670	1760	Rec	Comedy,Drama,Romance	TV	9	7.46	68951
1675	664	Shakugan no Shana Movie	Action,Fantasy,Supernatural	Movie	1	7.46	43962
1687	2504	Black Jack Specials: Inochi wo Meguru Yottsu no Kiseki	Drama	Special	4	7.45	3174
1691	1164	Fullmetal Alchemist: Premium Collection	Comedy,Fantasy,Shounen	OVA	3	7.45	44313
1694	1016	Groove Adventure Rave	Adventure,Comedy,Fantasy,Romance,Shounen	TV	51	7.45	56353
1697	3644	Hatsukoi Limited	Comedy,Romance,School,Shounen	TV	12	7.45	54796
1704	3231	Mahoraba: Heartful days	Comedy,Drama,Romance,Shounen	TV	26	7.45	16764
1706	3371	Natsu no Arashi! Akinaichuu	Comedy,Romance,Supernatural	TV	13	7.45	12088
1712	2612	Saint Seiya: Soushuuhen	Adventure,Fantasy,Sci-Fi,Shounen	Special	1	7.45	4031
1718	1157	Steins;Gate: Soumei Eichi no Cognitive Computing	Comedy	ONA	4	7.45	34426
1731	3714	El Hazard: The Magnificent World	Adventure,Comedy,Fantasy,Romance	OVA	7	7.44	10130
1734	4476	Galaxy Angel 3	Comedy,Sci-Fi	TV	26	7.44	6244
1739	68	Nabari no Ou	Action,Comedy,Drama,Fantasy,Shounen,Supernatural	TV	26	7.44	107384
1742	672	One Piece Movie 8: Episode of Alabasta - Sabaku no Oujo to Kaizoku-tachi	Action,Adventure,Fantasy,Shounen	Movie	1	7.44	31909
1750	2129	Tales of Zestiria the X: Saiyaku no Jidai	Action,Fantasy	Special	1	7.44	26647
1752	5914	Tegamibachi Gakuen	Comedy	Special	25	7.44	6649
1757	4667	Damekko Doubutsu	Comedy	TV	26	7.43	8024
1766	184	Hori-san to Miyamura-kun	Comedy,Romance,School,Shounen	OVA	3	7.43	26535
1769	1795	Kannagi	Comedy,School,Shounen,Supernatural	TV	13	7.43	94202
1771	3140	Kiba	Adventure,Fantasy,Shounen	TV	51	7.43	47651
1775	682	Naruto: Shippuuden Movie 1	Action,Adventure,Comedy,Fantasy,Shounen	Movie	1	7.43	108170
1779	5978	Oseam	Adventure,Drama	Movie	1	7.43	3648
1783	4338	Robot Carnival	Fantasy,Sci-Fi	OVA	1	7.43	7213
1792	4687	Tobe! Isami	Action,Adventure,Comedy,Romance,Shounen	TV	50	7.43	854
1796	1984	Ansatsu Kyoushitsu (TV): Deai no Jikan	Action,Comedy,School,Shounen	Special	1	7.42	29382
1798	2529	Black Jack: Futari no Kuroi Isha	Drama	Movie	1	7.42	2634
1799	1784	Cheonnyeon-yeowoo Yeowoobi	Drama,Fantasy,Sci-Fi	Movie	1	7.42	9045
1801	2107	Digimon Xros Wars: Aku no Death General to Nanatsu no Oukoku	Action,Adventure,Comedy,Fantasy,Shounen	TV	24	7.42	12505
1804	6555	Doraemon Movie 13: Nobita to Kumo no Oukoku	Adventure,Comedy	Movie	1	7.42	1817
1815	1946	MÄR	Action,Adventure,Comedy,Fantasy,Shounen	TV	102	7.42	28968
1818	1977	Ore no Nounai Sentakushi ga, Gakuen Love Comedy wo Zenryoku de Jama Shiteiru OVA	Comedy,Romance,School	OVA	1	7.42	35583
1821	2372	Saint Seiya: Shinku no Shounen Densetsu	Adventure,Fantasy,Sci-Fi,Shounen	Movie	1	7.42	8849
1822	2376	Saint Seiya: Tenkai-hen Josou - Overture	Adventure,Sci-Fi,Shounen	Movie	1	7.42	11705
1834	1513	Allison to Lillia	Action,Adventure,Shounen	TV	26	7.41	27571
1848	1041	Konjiki no Gash Bell!!: 101 Banme no Mamono	Adventure,Shounen,Supernatural	Movie	1	7.41	4425
1849	5205	Maria-sama ga Miteru 4th Specials	Comedy	Special	11	7.41	3659
1852	694	Myself; Yourself	Drama,Romance,School	TV	13	7.41	115075
1854	5138	One Piece: Episode of Alabasta - Prologue	Action,Adventure,Fantasy,Shounen	OVA	1	7.41	4225
1856	1409	Plastic Neesan	Comedy,School	ONA	12	7.41	83977
1870	2980	Choujigen Game Neptune The Animation OVA	Action,Comedy,Fantasy,Sci-Fi	OVA	1	7.4	16067
1872	6471	Doraemon Movie 01: Nobita no Kyouryuu	Adventure,Comedy	Movie	1	7.4	1773
1881	928	Mondaiji-tachi ga Isekai kara Kuru Sou Desu yo?: Onsen Manyuuki	Fantasy,Supernatural	OVA	1	7.4	44450
1883	3368	Natsu no Arashi!	Comedy,Romance,Supernatural	TV	13	7.4	30098
1885	1240	Nogizaka Haruka no Himitsu: Finale	Comedy,Romance	OVA	4	7.4	20660
1888	4886	Ramayana: The Legend of Prince Rama	Adventure	Movie	1	7.4	517
1894	3370	Tetsuwan Birdy Decode: The Cipher	Action,Comedy,Sci-Fi	OVA	1	7.4	12944
1901	2190	Air Movie	Drama,Romance,Supernatural	Movie	1	7.39	44179
1906	731	Druaga no Tou: The Sword of Uruk	Adventure,Fantasy	TV	12	7.39	46237
1922	3175	Ranma ½: Chuugoku Nekonron Daikessen! Okite Yaburi no Gekitou-hen!!	Adventure,Comedy,Shounen	Movie	1	7.39	13073
1927	1070	Shaman King Specials	Action,Comedy,Shounen,Supernatural	Special	5	7.39	12148
1931	618	Tsubasa Chronicle: Tori Kago no Kuni no Himegimi	Action,Adventure,Drama,Fantasy,Shounen	Movie	1	7.39	33633
1939	2508	Black Jack the Movie	Drama	Movie	1	7.38	6404
1942	6775	Doraemon: Nobita&#039;s the Night Before a Wedding	Fantasy	Movie	1	7.38	983
1947	3385	Kyoushoku Soukou Guyver (2005)	Adventure,Sci-Fi,Shounen	TV	26	7.38	12337
1948	6220	Lupin III: Fuuma Ichizoku no Inbou	Action,Adventure,Comedy,Shounen	Movie	1	7.38	4018
1952	3270	Rain Town	Drama	ONA	1	7.38	12489
1956	2299	School Rumble San Gakki	Comedy,Romance,School,Shounen	OVA	2	7.38	41898
1965	815	Amagami SS OVA	Romance,School	OVA	6	7.37	31010
1975	4477	Galaxy Angel 3 Specials	Comedy,Sci-Fi	Special	2	7.37	2574
1976	4478	Galaxy Angel 4	Comedy,Sci-Fi	TV	13	7.37	5046
1977	2828	Ghost in the Shell: Nyuumon Arise	Comedy	TV	26	7.37	4636
1985	6502	Keroro Gunsou Movie 5: Tanjou! Kyuukyoku Keroro, Kiseki no Jikuu-jima, de arimasu!!	Comedy	Movie	1	7.37	1577
1991	669	One Piece: Nenmatsu Tokubetsu Kikaku! Mugiwara no Luffy Oyabun Torimonochou	Adventure,Comedy,Fantasy,Shounen	Special	1	7.37	18307
1992	2691	Shinryaku! Ika Musume Specials	Comedy	Special	2	7.37	14497
1993	470	Slayers Revolution	Adventure,Comedy,Fantasy	TV	13	7.37	23679
1998	2815	Yamada-kun to 7-nin no Majo	Comedy,School,Shounen,Supernatural	ONA	1	7.37	23937
2003	1787	Cencoroll	Action,Sci-Fi	Movie	1	7.36	56370
2004	2547	Cybersix	Action,Adventure,Romance,Sci-Fi	TV	13	7.36	3607
2007	1901	Dragon Ball Z Movie 09: Ginga Girigiri!! Bucchigiri no Sugoi Yatsu	Adventure,Comedy,Fantasy,Sci-Fi,Shounen	Movie	1	7.36	51083
2009	2002	Ixion Saga DT	Action,Comedy,Fantasy	TV	25	7.36	52569
2012	507	Kotoura-san	Comedy,Drama,Romance,School	TV	12	7.36	123691
2013	2968	Kyouran Kazoku Nikki	Comedy,Sci-Fi	TV	26	7.36	20883
2018	6617	Masuda Kousuke Gekijou Gag Manga Biyori 3	Comedy	TV	12	7.36	1615
2022	5133	One Piece: Kinkyuu Kikaku One Piece Kanzen Kouryakuhou	Adventure,Comedy,Fantasy,Shounen	Special	1	7.36	5914
2030	2649	Zettai Karen Children OVA: Aitazousei! Ubawareta Mirai?	Action,Comedy,Shounen,Supernatural	OVA	1	7.36	4277
2032	830	Amagami SS: Tachibana Miya-hen - Imouto	School	Special	1	7.35	31019
2033	1701	Amagi Brilliant Park: Nonbirishiteiru Hima ga Nai!	Comedy	Special	1	7.35	30342
2035	658	Clannad Movie	Drama,Fantasy,Romance,School	Movie	1	7.35	99506
2038	699	Druaga no Tou: The Aegis of Uruk	Adventure,Comedy,Fantasy	TV	12	7.35	69683
2048	5263	Lupin III: Chi no Kokuin - Eien no Mermaid	Action,Adventure,Comedy,Shounen	Special	1	7.35	3069
2050	1216	Nogizaka Haruka no Himitsu	Comedy,Romance	TV	12	7.35	80820
2052	679	One Piece: Jango no Dance Carnival	Comedy,Fantasy,Shounen	Movie	1	7.35	22157
2053	1494	Onegai☆Teacher	Comedy,Drama,Romance,School,Sci-Fi	TV	12	7.35	99558
2067	311	Utawarerumono: Itsuwari no Kamen	Action,Drama,Fantasy	TV	25	7.35	55851
2078	6636	Gugure! Kokkuri-san Specials	Comedy,Romance,Shounen,Supernatural	Special	11	7.34	5870
2084	5067	Lupin III (2015) Specials	Action,Adventure,Comedy,Shounen	Special	2	7.34	1353
2087	6922	Mojakou	Comedy,Fantasy,Sci-Fi	TV	74	7.34	1218
2090	835	One Piece 3D: Mugiwara Chase	Action,Adventure,Comedy,Fantasy,Shounen	Movie	1	7.34	23772
2093	2254	Ou Dorobou Jing	Adventure,Comedy,Fantasy,Sci-Fi,Shounen	TV	13	7.34	21920
2098	1275	The Animatrix	Action,Drama,Sci-Fi	OVA	9	7.34	42831
2101	2495	Yuu☆Yuu☆Hakusho: Meikai Shitou-hen - Honoo no Kizuna	Action,Comedy	Movie	1	7.34	13775
2104	884	Amagami SS+ Plus Specials	Romance	Special	6	7.33	17764
2105	323	Aoharu x Kikanjuu: Kemono-tachi no Senjou da na!	Action,Comedy,Shounen	Special	1	7.33	13993
2106	4348	Aru Tabibito no Nikki	Adventure,Fantasy	ONA	6	7.33	15565
2111	6603	Doraemon Movie 04: Nobita no Kaitei Kiganjou	Fantasy	Movie	1	7.33	1168
2117	1861	Hitsugi no Chaika: Avenging Battle	Action,Adventure,Comedy,Fantasy,Romance,Shounen	TV	10	7.33	91049
2121	2167	Kimi no Iru Machi: Tasogare Kousaten	Drama,Romance,School,Shounen	OVA	2	7.33	25799
2124	6110	Lupin III: $1 Money Wars	Action,Adventure,Comedy,Shounen	Special	1	7.33	2950
2125	5637	Mai Mai Shinko to Sennen no Mahou	Adventure,Drama	Movie	1	7.33	6491
2126	2640	Mameshiba	Comedy	Special	24	7.33	3085
2136	1849	Ryuugajou Nanana no Maizoukin (TV)	Comedy,Supernatural	TV	11	7.33	101326
2137	6026	Sango Shou Densetsu: Aoi Umi no Elfie	Adventure,Sci-Fi	Movie	1	7.33	524
2150	2766	Bakuman.: Deraman.	Comedy,School,Shounen	Special	2	7.32	7962
2151	921	Chuunibyou demo Koi ga Shitai! Lite	Comedy,School	ONA	6	7.32	60139
2152	6340	Di Gi Charat Nyo	Comedy,Fantasy,Sci-Fi	TV	104	7.32	3782
2154	6605	Doraemon Movie 03: Nobita no Daimakyou	Adventure	Movie	1	7.32	1156
2169	4452	Lupin III: Dead or Alive	Action,Adventure,Comedy,Shounen	Movie	1	7.32	4296
2173	5044	One Piece 3D: Gekisou! Trap Coaster	Action,Adventure,Comedy,Fantasy,Shounen	Movie	1	7.32	10373
2188	4181	Gensoumaden Saiyuuki OVA	Adventure,Shounen,Supernatural	OVA	2	7.31	3223
2190	4668	Ginga Densetsu Weed	Adventure,Drama,Shounen	TV	26	7.31	7484
2195	585	Love Hina Haru Special: Kimi Sakura Chiru Nakare!!	Adventure,Comedy,Romance	Special	1	7.31	40858
2196	6219	Lupin III: Nusumareta Lupin	Action,Adventure,Comedy,Shounen	Special	1	7.31	2694
2198	6004	Mama wa Shougaku 4 Nensei	Comedy,Drama,Sci-Fi	TV	51	7.31	1711
2201	2288	Saishuu Heiki Kanojo	Drama,Romance,School,Sci-Fi	TV	13	7.31	58051
2202	7276	Sekai Meisaku Douwa: Hakuchou no Mizuumi	Drama,Fantasy,Romance	Movie	1	7.31	1705
2207	4229	Wagaya no Oinari-sama.	Adventure,Fantasy,Shounen,Supernatural	TV	24	7.31	23132
2217	4645	Hokuto no Ken Movie	Adventure,Sci-Fi,Shounen	Movie	1	7.3	9328
2220	877	Koi to Senkyo to Chocolate	Drama,Romance,School	TV	12	7.3	91552
2226	2212	Rec: Yurusarezarumono	Comedy,Drama,Romance	Special	1	7.3	16654
2234	4818	Urusei Yatsura Movie 1: Only You	Action,Adventure,Comedy,Drama,Romance,Sci-Fi	Movie	1	7.3	3818
2239	5934	B&#039;T X Neo	Action,Adventure,Shounen	OVA	14	7.29	2864
2240	686	Black Cat Special	Action,Comedy,Shounen	Special	1	7.29	15333
2241	6825	Black Jack (TV): Hizouban Specials	Adventure	Special	2	7.29	1707
2248	5176	Digimon X-Evolution	Action,Adventure,Fantasy,Sci-Fi	Movie	1	7.29	12449
2251	4475	Galaxy Angel Z	Comedy,Sci-Fi	TV	9	7.29	6616
2254	3574	Guin Saga	Adventure,Fantasy	TV	26	7.29	26176
2261	521	Kyoukaisenjou no Horizon	Action,Fantasy	TV	13	7.29	90977
2262	6109	Lupin III: Alcatraz Connection	Action,Adventure,Comedy,Shounen	Special	1	7.29	3242
2270	4375	Utawarerumono OVA	Action,Comedy,Fantasy	OVA	3	7.29	13738
2275	1185	Ansatsu Kyoushitsu	Action,Comedy,Shounen	Special	1	7.28	35230
2283	1047	Giniro no Kami no Agito	Adventure,Drama,Fantasy,Romance,Sci-Fi	Movie	1	7.28	45084
2288	6214	Lupin III: Tenshi no Tactics - Yume no Kakera wa Koroshi no Kaori	Action,Adventure,Comedy,Shounen	Special	1	7.28	3183
2291	1169	Naruto Shippuuden: Shippuu! &quot;Konoha Gakuen&quot; Den	Comedy	Special	1	7.28	34056
2293	907	Nerawareta Gakuen	Romance,School,Sci-Fi	Movie	1	7.28	44787
2294	4271	Onmyou Taisenki	Adventure,Fantasy,Shounen,Supernatural	TV	52	7.28	3945
2297	2389	Saint Seiya: Soul of Gold	Action,Adventure,Fantasy,Sci-Fi,Shounen	ONA	13	7.28	11992
2305	5053	Usavich III	Comedy	TV	13	7.28	3038
2316	5202	Ghost Sweeper GS Mikami	Comedy,Supernatural	TV	45	7.27	5118
2320	2037	Kamisama Kazoku	Comedy,Drama,Fantasy,Romance	TV	13	7.27	32828
2329	6236	Lupin III: Sweet Lost Night - Mahou no Lamp wa Akumu no Yokan	Adventure,Comedy,Shounen	Special	1	7.27	2338
2339	3023	Tenchi Muyou! in Love 2: Haruka Naru Omoi	Drama,Romance,Sci-Fi,Shounen	Movie	1	7.27	10233
2343	6640	Toriko Movie: Bishokushin no Special Menu	Action,Adventure,Fantasy,Shounen	Movie	1	7.27	3077
2344	6672	Urusei Yatsura: The Shougaibutsu Suieitaikai	Action,Comedy,Romance,School,Sci-Fi	Special	1	7.27	1848
2345	3516	Usavich II	Adventure,Comedy	TV	13	7.27	3382
2347	1113	Ao no Exorcist: Ura Ex	Action,Fantasy,Shounen,Supernatural	Special	10	7.26	43615
2349	6453	Baka to Test to Shoukanjuu: Matsuri - Sentakushi Ikou nomi	Comedy,School	Special	6	7.27	3817
2353	6600	Doraemon Movie 14: Nobita to Buriki no Labyrinth	Fantasy	Movie	1	7.26	1181
2354	3441	Druaga no Tou: The Aegis of Uruk - Jil no Bouken	Adventure,Fantasy	Special	1	7.26	10516
2356	2749	Fate/Zero Remix	Action,Fantasy,Supernatural	Special	2	7.26	10824
2358	5704	Fushigi Yuugi Special: Nakago Shikkari Shinasai!	Comedy	Special	2	7.25	943
2367	3332	Kyoukai no Rinne (TV) 2nd Season	Comedy,Romance,School,Shounen,Supernatural	TV	25	7.26	15519
2373	5738	Popolocrois Monogatari	Adventure,Fantasy	TV	25	7.26	1260
2376	6094	Seimei no Kagaku: Micro Patrol	Adventure	TV	26	7.26	801
2377	974	Takanashi Rikka Kai: Chuunibyou demo Koi ga Shitai! Movie Lite	Comedy	Special	1	7.26	13238
2378	5019	Tanaka-kun wa Kyou mo Kedaruge	Comedy,School	Special	35	7.26	10434
2386	647	Digimon Frontier	Action,Adventure,Comedy,Drama,Fantasy,Shounen	TV	50	7.25	74929
2394	6084	Jungle Taitei Movie (1997)	Adventure,Fantasy	Movie	1	7.25	1771
2398	1832	Kyousou Giga (2012)	Action,Fantasy,Supernatural	ONA	5	7.25	17584
2400	5769	Lupin III: Moeyo Zantetsuken!	Action,Adventure,Comedy,Shounen	Special	1	7.25	3456
2402	3559	Moyashimon Returns	Comedy,School,Supernatural	TV	11	7.25	16251
2412	3121	Sanzoku no Musume Ronja	Adventure	TV	26	7.25	15236
2417	808	Tales of Symphonia The Animation: Tethe&#039;alla-hen Specials	Comedy	Special	4	7.25	5067
2425	631	Dragon Ball Z Movie 05: Tobikkiri no Saikyou tai Saikyou	Adventure,Comedy,Fantasy,Sci-Fi,Shounen	Movie	1	7.24	59207
2432	1042	Konjiki no Gash Bell!!: Mecha Vulkan no Raishuu	Adventure,Shounen,Supernatural	Movie	1	7.24	3630
2440	5408	RD Sennou Chousashitsu	Action,Sci-Fi	TV	26	7.24	16331
2443	1839	Toaru Hikuushi e no Koiuta	Adventure,Drama,Romance	TV	13	7.24	53375
2445	7233	Urayasu Tekkin Kazoku	Comedy,Shounen	TV	33	7.24	923
2446	3339	Wasurenagumo	Comedy,Supernatural	Movie	1	7.24	18000
2447	5489	YAT Anshin! Uchuu Ryokou	Adventure,Comedy,Sci-Fi,Shounen	TV	50	7.24	887
2450	5990	Bokura wa Minna Kawaisou Specials	Comedy	Special	14	7.23	7292
2458	2752	Guilty Crown: 4-koma Gekijou	Comedy	Special	11	7.23	13053
2461	6489	Maison Ikkoku: Ikkokujima Nanpa Shimatsuki	Comedy,Drama,Romance	OVA	1	7.23	2341
2475	1150	Bakuman. 3rd Season Specials	Comedy	Special	2	7.22	6765
2479	5144	Chirin no Suzu	Adventure,Drama,Fantasy	Movie	1	7.22	3344
2480	969	Chuunibyou demo Koi ga Shitai! Ren Lite	Comedy,School	ONA	6	7.22	31544
2484	4925	Higepiyo	Comedy	TV	39	7.22	4427
2486	4400	Kyoro-chan	Adventure,Comedy,Fantasy	TV	91	7.22	1124
2495	4190	Tetsuwan Birdy	Action,Comedy,Sci-Fi,Shounen	OVA	4	7.22	13855
2497	2038	Yoake Mae yori Ruriiro na: Crescent Love	Comedy,Romance,School,Sci-Fi	TV	12	7.22	22770
2500	1037	Bleach: Memories in the Rain	Action,Adventure,Drama,Shounen,Supernatural	Special	1	7.21	78111
2508	1401	Ichigo Mashimaro Episode 0	Comedy	Special	1	7.21	9610
2515	3012	Mamoru-kun ni Megami no Shukufuku wo!	Comedy,Romance,School	TV	24	7.21	16922
2516	4691	Marco: Haha wo Tazunete Sanzenri	Adventure,Drama	Movie	1	7.21	1060
2525	2289	Saishuu Heiki Kanojo: Another Love Song	Drama,Romance,Sci-Fi	OVA	2	7.21	12239
2546	6235	Lupin III: Seven Days Rhapsody	Action,Adventure,Comedy,Shounen	Special	1	7.2	2482
2573	6982	Hi no Tori: Uchuu-hen	Drama,Fantasy,Sci-Fi	OVA	1	7.19	1158
2574	5483	Jungle Taitei: Yuuki ga Mirai wo Kaeru	Adventure	Special	1	7.19	1163
2581	474	Sekirei: Hajimete no Otsukai	Comedy	Special	1	7.19	32430
2582	886	Tales of Symphonia The Animation: Sekai Tougou-hen Specials	Comedy	Special	3	7.19	3692
2585	7119	Yuki no Joou	Adventure,Drama,Fantasy	TV	36	7.19	2228
2587	1568	Zombie-Loan Specials	Action,Shounen,Supernatural	Special	2	7.19	22182
2590	3504	Brotherhood: Final Fantasy XV	Action	ONA	5	7.18	29445
2592	3164	Cyborg Kuro-chan	Comedy,Sci-Fi	TV	66	7.18	3188
2595	5098	Dungeon ni Deai wo Motomeru no wa Machigatteiru Darou ka OVA	Action,Adventure,Comedy,Fantasy,Romance	OVA	1	7.18	23370
2614	3232	Otome wa Boku ni Koishiteru	Comedy,Drama,Romance,School	TV	12	7.18	42190
2617	1846	Sekai Seifuku: Bouryaku no Zvezda	Action,Comedy,Fantasy	TV	12	7.18	67877
2619	4879	Solty Rei Special	Comedy,Drama	Special	1	7.18	2641
2623	2080	Tokyo Magnitude 8.0 Recap	Drama	Special	1	7.18	4257
2630	976	Chuunibyou demo Koi ga Shitai! Ren Specials	Comedy	Special	7	7.17	20337
2636	2103	Kannagi: Moshimo Kannagi ga Attara...	Comedy,School,Shounen,Supernatural	Special	1	7.17	22155
2639	6222	Lupin III: Twilight Gemini no Himitsu	Action,Adventure,Comedy,Shounen	Special	1	7.17	3493
2648	211	Senyuu. Specials	Action,Comedy,Fantasy,Shounen	Special	4	7.17	10194
2655	4820	Urusei Yatsura Movie 3: Remember My Love	Action,Adventure,Comedy,Drama,Romance,Sci-Fi	Movie	1	7.17	2897
2657	3557	Wonderful Days	Action,Drama,Romance,Sci-Fi	Movie	1	7.17	23422
2660	3089	Asatte no Houkou.	Drama,Supernatural	TV	12	7.16	16909
2663	1706	Classroom☆Crisis	School,Sci-Fi	TV	13	7.16	55977
2664	4226	Daisougen no Chiisana Tenshi: Bush Baby	Adventure,Drama	TV	40	7.16	889
2665	2562	Digimon Tamers: Bousou Digimon Tokkyuu	Adventure,Comedy,Sci-Fi,Shounen	Movie	1	7.16	14037
2670	4433	Gensoumaden Saiyuuki: Kibou no Zaika	Adventure,Fantasy	OVA	1	7.16	2557
2674	231	Hinata no Aoshigure	Adventure,Fantasy,Romance	Movie	1	7.16	6970
2677	2917	Koro-sensei Q!	Comedy,Shounen	Movie	1	7.14	13657
2678	6221	Lupin III: Harimao no Zaihou wo Oe!!	Action,Adventure,Comedy,Shounen	Special	1	7.16	3057
2679	6244	Lupin III: The Last Job	Adventure,Comedy,Shounen	Special	1	7.16	2685
2686	2699	Ore no Imouto ga Konnani Kawaii Wake ga Nai: SD Chara ni Yoru Character Commentary	Comedy	Special	16	7.16	14917
2699	2596	Shangri-La	Action,Drama,Sci-Fi	TV	24	7.16	38495
2701	2719	SKET Dance: Demystifying Special	School,Shounen	Special	1	7.16	3276
2710	3276	Buki yo Saraba	Action,Drama,Sci-Fi	Movie	1	7.15	5078
2718	4685	Dragon Quest: Abel Yuusha Densetsu	Action,Adventure,Fantasy,Shounen	TV	43	7.15	2104
2719	457	Elf wo Karu Mono-tachi II	Adventure,Comedy,Fantasy	TV	12	7.15	8004
2723	3256	Iblard Jikan	Fantasy	OVA	1	7.15	11116
2725	2118	Jitsu wa Watashi wa	Comedy,Fantasy,Romance,School,Shounen,Supernatural	TV	13	7.15	88500
2727	6490	Maison Ikkoku: Utsuriyuku Kisetsu no Naka de	Comedy,Drama,Romance	OVA	1	7.15	1458
2729	3691	Ninku	Adventure,Shounen	TV	55	7.15	2424
2741	3515	Usavich	Adventure,Comedy	TV	13	7.15	4675
2753	633	Dragon Ball Z Movie 07: Kyokugen Battle!! Sandai Super Saiyajin	Adventure,Comedy,Fantasy,Sci-Fi,Shounen	Movie	1	7.14	52690
2754	2018	Dragon Ball: Ossu! Kaettekita Son Gokuu to Nakama-tachi!!	Action,Adventure,Comedy,Fantasy	Special	1	7.14	25251
2756	4469	Galaxy Angel	Comedy,Sci-Fi	TV	24	7.14	17601
2758	4871	Hotori: Tada Saiwai wo Koinegau	Drama,Sci-Fi	Movie	1	7.14	3701
2763	845	Last Exile: Ginyoku no Fam	Action,Adventure,Sci-Fi	TV	21	7.14	28616
2765	1559	Murder Princess	Action,Adventure,Fantasy	OVA	6	7.14	39377
2768	1498	Onegai☆Twins: Natsu wa Owaranai	Comedy,Drama,Romance	OVA	1	7.14	22614
2769	6631	Papa to Odorou	Comedy	TV	16	7.14	567
2773	2932	Ryuusei no Rockman Tribe	Adventure	TV	21	7.14	3510
2776	2809	Toaru Kagaku no Railgun S: Motto Marutto Railgun	Comedy	Special	2	7.14	14807
2781	3161	Captain Future	Action,Adventure,Sci-Fi,Shounen	TV	52	7.13	1837
2782	4534	Galaxy Angel Z Special	Comedy,Sci-Fi	Special	1	7.13	2208
2783	2974	gdgd Fairies 2	Comedy,Fantasy	TV	12	7.13	1248
2784	3851	Generator Gawl	Action,Adventure,Comedy,Drama,Sci-Fi,Shounen	TV	12	7.13	5457
2787	517	Hidan no Aria	Action,Comedy,Romance,School	TV	12	7.13	171888
2788	1746	Karneval Specials	Comedy	Special	11	7.13	4415
2794	2925	Medarot	Adventure,Comedy,Sci-Fi,Shounen	TV	52	7.13	30148
2798	4898	Pandane to Tamago-hime	Adventure,Fantasy	Movie	1	7.13	1995
2800	1109	Prince of Tennis: Mini Theater	Comedy	Special	3	7.13	3010
2803	2375	Saint Seiya: Kamigami no Atsuki Tatakai	Adventure,Sci-Fi,Shounen	Movie	1	7.13	8894
2818	3408	Iriya no Sora, UFO no Natsu	Drama,Romance,Sci-Fi	OVA	6	7.12	18254
2823	3462	Kill Me Baby: Butsuzou Kegatte Nise Halloween	Comedy,School	OVA	1	7.12	7171
2826	3481	Mushrambo	Adventure,Drama,Fantasy,Sci-Fi,Shounen	TV	32	7.12	8722
2836	7198	Stop!! Hibari-kun!	Comedy	TV	35	7.12	1355
2838	6805	Ura Tegamibachi	Comedy	Special	25	7.12	3326
2849	1985	Gatchaman Crowds Insight: Inbound	Adventure,Sci-Fi	ONA	1	7.11	14786
2856	5745	Lupin III: Princess of the Breeze - Kakusareta Kuuchuu Toshi	Action,Adventure,Comedy,Shounen	Special	1	7.11	2083
2868	1339	Taiyou no Mokushiroku: A Spirit of the Sun	Drama,Sci-Fi	Special	2	7.11	1433
2878	1551	Chobits: Chibits	Comedy,Romance	Special	1	7.1	35513
2881	2100	Digimon Savers	Adventure,Comedy,Drama,Fantasy,Shounen	TV	48	7.1	41021
2882	2561	Digimon Tamers: Boukensha-tachi no Tatakai	Adventure,Drama,Sci-Fi,Shounen	Movie	1	7.1	12676
2883	2369	El Hazard: The Wanderers	Adventure,Comedy,Fantasy,Romance	TV	26	7.1	9289
2886	4682	Kagaku Ninja-tai Gatchaman	Action,Adventure,Sci-Fi,Shounen	TV	105	7.1	4802
2890	5251	Maison Ikkoku: Prelude - Meguru Haru no Sakura no you ni...	Comedy,Drama,Romance	Special	1	7.1	1672
2891	4850	Montana Jones	Adventure,Comedy	TV	52	7.1	784
2902	3308	UFO Princess Valkyrie 2: Juunigatsu no Yasoukyoku	Comedy,Romance,Sci-Fi	TV	12	7.1	6249
2903	1222	World Destruction: Sekai Bokumetsu no Rokunin	Adventure,Fantasy	TV	13	7.1	34732
2913	632	Dragon Ball Z Movie 06: Gekitotsu!! 100-oku Power no Senshi-tachi	Adventure,Comedy,Fantasy,Sci-Fi,Shounen	Movie	1	7.09	55789
2919	2159	Hitsugi no Chaika OVA	Action,Adventure,Comedy,Fantasy,Shounen	OVA	1	7.09	20605
2928	4711	Koitabi: True Tours Nanto	Romance	Special	6	7.09	7452
2935	779	Ookami to Koushinryou II Specials	Fantasy	Special	2	7.09	34903
2936	6466	Otogi Juushi Akazukin	Adventure,Comedy,Fantasy	TV	39	7.09	3847
2937	6585	Sekai Meisaku Douwa: Hakuchou no Ouji	Fantasy	Movie	1	7.09	809
2951	2013	Dragon Ball Z: Saiya-jin Zetsumetsu Keikaku	Adventure,Comedy,Fantasy,Sci-Fi,Shounen	OVA	2	7.08	21043
2957	6224	Lupin III: Lupin Ansatsu Shirei	Action,Adventure,Comedy,Shounen	Special	1	7.08	3006
2959	5045	Nissan Serena x One Piece 3D: Mugiwara Chase - Sennyuu!! Sauzando Sanii-gou	Comedy,Fantasy,Shounen	Special	1	7.08	5123
2962	5735	Shin Tenchi Muyou! Specials	Comedy,Romance,Sci-Fi,Shounen	Special	6	7.08	2233
2968	4822	Urusei Yatsura Movie 6: Itsudatte My Darling	Action,Adventure,Comedy,Drama,Romance,Sci-Fi	Movie	1	7.08	2553
2970	129	Yumekui Merry	Action,Shounen,Supernatural	TV	13	7.08	89183
2974	705	Blassreiter	Action,Sci-Fi	TV	24	7.07	55444
2986	722	Kimikiss Pure Rouge Special	Romance,School	Special	1	7.07	9144
2987	3098	Koukou Butouden Crows	Action,School,Shounen	OVA	2	7.07	1509
2993	2377	Saint Seiya: Saishuu Seisen no Senshi-tachi	Adventure,Sci-Fi,Shounen	Movie	1	7.07	8217
2995	7220	Shinzou Ningen Casshern	Action	TV	35	7.07	2822
2998	3731	Tokumu Sentai Shinesman	Action,Comedy,Sci-Fi	OVA	2	7.07	1588
3000	5490	YAT Anshin! Uchuu Ryokou 2	Adventure,Comedy,Sci-Fi,Shounen	TV	25	7.07	486
3003	789	&quot;Bungaku Shoujo&quot; Kyou no Oyatsu: Hatsukoi	Comedy,Fantasy,School	OVA	1	7.06	14351
3006	1005	Beet the Vandel Buster	Adventure,Fantasy,Shounen,Supernatural	TV	52	7.06	9848
3010	819	Fractale	Adventure,Fantasy,Sci-Fi	TV	11	7.06	55100
3011	2971	gdgd Fairies	Comedy	TV	12	7.06	2284
3018	6230	Lupin III: Kiri no Elusive	Action,Adventure,Comedy,Shounen	Special	1	7.06	2693
3019	4272	Mai-HiME Specials	Comedy	Special	27	7.06	9210
3039	1040	Bleach: The Sealed Sword Frenzy	Adventure,Comedy,Drama,Fantasy,Shounen,Supernatural	Special	1	7.05	73241
3042	2082	Code Geass: Hangyaku no Lelouch - Kiseki no Birthday Picture Drama	School,Supernatural	Special	1	7.05	18422
3051	3841	It&#039;s a Rumic World: 50th Anniversary Weekly★Shonen Sunday	Comedy,Sci-Fi	Special	1	7.05	2087
3053	4026	Kimi ga Nozomu Eien: Next Season	Drama,Romance	OVA	4	7.05	21064
3058	2810	Ore no Imouto ga Konnani Kawaii Wake ga Nai.: SD Chara ni Yoru Short Movie	Comedy	Special	13	7.05	6311
3061	6818	Queen Emeraldas	Action,Adventure,Sci-Fi	OVA	4	7.05	3279
3064	2373	Saint Seiya: Jashin Eris	Adventure,Sci-Fi,Shounen	Movie	1	7.05	10277
3076	3655	Ai Yori Aoshi: Enishi - Miyuki	Comedy,Drama,Romance	Special	1	7.04	12647
3081	2104	Digimon Xros Wars	Action,Adventure,Comedy,Fantasy,Shounen	TV	30	7.04	22723
3082	2874	Etotama	Action,Comedy,Fantasy	TV	12	7.04	36463
3090	4696	Kogepan	Comedy	TV	10	7.04	4436
3092	5685	Lupin III: Ai no Da Capo - Fujiko&#039;s Unlucky Days	Action,Adventure,Comedy,Shounen	Special	1	7.04	3279
3127	5189	Iron Kid	Action,Adventure,Comedy,Sci-Fi	TV	26	7.03	908
3130	2792	Koi to Senkyo to Chocolate Special	Drama,Romance,School	Special	1	7.03	15430
3133	6163	Lupin III: Bye Bye Liberty - Kiki Ippatsu!	Action,Adventure,Comedy,Shounen	Special	1	7.03	3235
3135	6868	Mirai Shounen Conan 2: Taiga Daibouken	Adventure,Drama,Sci-Fi	TV	24	7.03	931
3142	2192	Rayearth	Action,Adventure,Fantasy	OVA	3	7.03	9637
3143	3360	Rocket Girls	Adventure,Sci-Fi	TV	12	7.03	4794
3144	1870	Shirobako Specials	Adventure,Comedy	Special	2	7.03	11669
3146	5613	1000-nen Joou: Queen Millennia	Adventure,Drama,Fantasy,Sci-Fi	Movie	1	7.02	2078
3150	1151	Bakuman. 2nd Season Special	Comedy	Special	1	7.02	6812
3153	1099	Black Lagoon Omake	Comedy	Special	7	7.02	33923
3157	5796	Crayon Shin-chan Movie 19: Arashi wo Yobu Ougon no Spy Daisakusen	Comedy	Movie	1	7.02	795
3160	2560	Digimon Frontier: Ornismon Fukkatsu!!	Adventure,Comedy,Drama,Fantasy,Shounen	Movie	1	7.02	11973
3163	3472	Futakoi Alternative	Comedy,Drama,Romance	TV	13	7.02	21516
3164	6689	Garakuta-doori no Stain	Comedy	TV	13	7.02	641
3179	6745	Totsuzen! Neko no Kuni Banipal Witt	Adventure	Movie	1	7.02	1138
3183	1768	Weiß Kreuz OVA	Action,Drama	OVA	2	7.02	4296
3192	4212	Flag Director&#039;s Edition: Issenman no Kufura no Kiroku	Action	Movie	1	7.01	987
3212	5740	Sirius no Densetsu	Drama,Fantasy,Romance	Movie	1	7.01	2007
3216	3923	UFO Princess Valkyrie: Special	Comedy,Romance,Sci-Fi	Special	1	7.01	2495
3217	4815	Urusei Yatsura: Haru da, Tobidase!	Action,Adventure,Comedy,Drama,Romance,Sci-Fi	Special	2	7.01	1815
3222	2614	Black Jack: Sora kara Kita Kodomo	Drama	OVA	1	7.0	1595
3237	1553	Shin Angyo Onshi	Action,Fantasy	Movie	1	7.0	13231
3245	4514	Dai Mahou Touge Omake	Comedy	Special	4	6.99	5579
3247	629	Dragon Ball Z Movie 03: Chikyuu Marugoto Choukessen	Adventure,Comedy,Fantasy,Sci-Fi,Shounen	Movie	1	6.99	57840
3248	4462	El Hazard 2: The Magnificent World	Adventure,Comedy,Fantasy	OVA	4	6.99	5771
3249	4556	Fire Tripper	Fantasy,Sci-Fi	OVA	1	6.99	2115
3251	6012	Jungle Book Shounen Mowgli	Adventure,Drama	TV	52	6.99	3035
3253	3230	Juushin Enbu: Hero Tales	Action,Fantasy,Shounen	TV	26	6.99	16502
3259	6253	Lupin III: Lupin Ikka Seizoroi	Adventure,Comedy,Shounen	Special	1	6.99	1462
3263	1881	Naruto Movie 2: Dai Gekitotsu! Maboroshi no Chiteiiseki Dattebayo!	Adventure,Comedy,Drama,Fantasy,Shounen,Supernatural	Movie	1	6.99	97308
3266	5660	Osomatsu-kun	Comedy	TV	56	6.99	1322
3271	4198	Tokyo Tribe 2	Action,Drama	TV	13	6.99	5060
3273	3946	UFO Princess Valkyrie 4: Toki to Yume to Ginga no Utage	Comedy,Romance,Sci-Fi	OVA	2	6.99	3993
3274	5219	Urusei Yatsura Movie 4: Lum The Forever	Action,Adventure,Comedy,Drama,Romance,Sci-Fi	Movie	1	6.99	2745
3280	2703	Da Yu Hai Tang	Adventure,Supernatural	Movie	1	6.98	7639
3282	6769	Dorami &amp; Doraemons: Robot School&#039;s Seven Mysteries	Fantasy	Movie	1	6.98	569
3288	2876	Kyoukai no Rinne (TV)	Comedy,Romance,School,Shounen,Supernatural	TV	25	6.98	47036
3289	1370	Kyousou Giga	Action,Fantasy,Supernatural	ONA	1	6.98	31096
3295	2679	Zettai Karen Children Gentei Kaikin!! OVA Chou Sakidori Special!!	Action,Comedy,Shounen,Supernatural	OVA	1	6.98	1664
3299	1386	Barakamon: Mijikamon	Comedy	ONA	13	6.97	18119
3302	3525	Glass no Hana to Kowasu Sekai	Sci-Fi	Movie	1	6.97	17105
3305	3778	Kaleido Star: Good da yo! Goood!!	Comedy	OVA	1	6.97	5044
3306	823	Kami nomi zo Shiru Sekai: Flag 0	Comedy,Shounen,Supernatural	OVA	1	6.97	35753
3309	3743	Lupin III: Napoleon no Jisho wo Ubae	Action,Adventure,Comedy,Shounen	Special	1	6.97	2507
3312	6021	Muka Muka Paradise	Adventure,Comedy	TV	51	6.97	1165
3319	1302	Soul Eater: Late Night Show	Action,Comedy,Fantasy	Special	51	6.97	10303
3322	2494	Yuu☆Yuu☆Hakusho (Movie)	Action,Adventure,Comedy	Movie	1	6.97	13904
3338	3234	Otome wa Boku ni Koishiteru: Futari no Elder	Drama,Romance,School	OVA	3	6.96	10579
3339	6394	Seton Doubutsuki	Adventure,Fantasy	TV	45	6.96	187
3342	2064	Tales of Phantasia The Animation	Adventure,Fantasy,Shounen	OVA	4	6.96	16455
3345	2226	Toaru Kagaku no Railgun: Motto Marutto Railgun	Comedy	Special	2	6.96	26302
3360	4999	Keroro	Comedy,Sci-Fi,Shounen	TV	23	6.96	3260
3366	1882	Naruto Movie 3: Dai Koufun! Mikazuki Jima no Animaru Panikku Dattebayo!	Action,Adventure	Movie	1	6.95	91526
3367	111	Naruto: The Cross Roads	Action,Adventure,Comedy,Shounen	Special	1	6.95	22131
3369	5022	Re:Petit kara Hajimeru Isekai Seikatsu	Adventure,Comedy,Fantasy	Special	14	6.95	14310
3370	90	Seiken no Blacksmith	Action,Adventure,Fantasy	TV	12	6.95	81738
3374	1943	Strait Jacket	Action,Fantasy,Sci-Fi	OVA	3	6.95	18975
3383	1538	Denpa Kyoushi (TV)	Comedy,Romance,School,Shounen	TV	24	6.94	67336
3384	4243	El Hazard: The Alternative World	Adventure,Comedy,Fantasy	TV	13	6.94	7131
3386	2054	Fireball Charming	Sci-Fi	TV	13	6.94	5640
3391	6322	Hi no Tori 2772: Ai no CosmoZone	Adventure,Drama,Fantasy,Sci-Fi	Movie	1	6.94	1717
3394	4725	Koisuru Tenshi Angelique: Kagayaki no Ashita Special	Fantasy,Romance	Special	1	6.94	1315
3407	6108	Arashi no Yoru ni: Himitsu no Tomodachi	Adventure,Drama	TV	26	6.93	1597
3415	627	Dragon Ball Z Movie 01: Ora no Gohan wo Kaese!!	Adventure,Comedy,Fantasy,Sci-Fi,Shounen	Movie	1	6.93	57623
3418	6317	Fuuma no Kojirou: Fuuma Hanran-hen	Action	OVA	1	6.93	549
3421	4211	Heroman	Action,Sci-Fi,Shounen	TV	26	6.93	23405
3425	5770	Lupin III: Russia yori Ai wo Komete	Action,Adventure,Comedy,Shounen	Special	1	6.93	2863
3430	6910	Miyuki	Romance,School	TV	37	6.93	1423
3431	4323	Onegai☆Teacher: Marie, Ai no Gekijou	Comedy,Drama,Romance,Sci-Fi	Special	1	6.93	7254
3432	6693	Onegai☆Teacher: Reminiscence Disc	Comedy,Romance,Sci-Fi	OVA	1	6.93	2503
3433	5659	Osomatsu-kun (1988)	Comedy	TV	86	6.93	1723
3435	7055	Pygmalio	Adventure,Fantasy	TV	39	6.93	533
3437	807	Tales of Symphonia The Animation: Kaette Kita Kratos-sensei no Private Lesson	Comedy,School	Special	1	6.93	4037
3441	5055	Usavich IV	Comedy	TV	13	6.93	1660
3448	6315	Fuuma no Kojirou: Yasha-hen	Action	OVA	6	6.92	819
3452	6326	Kouya no Yobigoe: Hoero Buck	Adventure,Drama	Special	1	6.92	650
3463	3173	Viewtiful Joe	Action,Comedy,Sci-Fi,Shounen	TV	51	6.92	5420
3468	5089	Akame ga Kill! Recap	Action,Adventure,Fantasy	Special	1	6.91	11965
3469	4880	Asobot Senki Gokuu	Comedy,Sci-Fi	TV	52	6.91	1633
3472	3150	Chocotto Sister	Comedy,Drama,Romance	TV	24	6.91	14380
3476	6316	Fuuma no Kojirou: Seiken Sensou-hen	Action	OVA	6	6.91	690
3484	2655	Kure-nai OVA	Action,Comedy	OVA	2	6.91	9853
3488	3632	Monster Farm: Enbanseki no Himitsu	Action,Adventure,Comedy,Fantasy	TV	48	6.91	22170
3492	6206	Peter Pan no Bouken	Adventure,Fantasy	TV	41	6.91	2146
3494	3545	Shin Koihime†Musou: Otome Tairan OVA	Comedy,School	OVA	1	6.91	3709
3497	3769	Tenshi ni Narumon!	Comedy,Fantasy,Romance	TV	26	6.91	3847
3498	6237	Terra e... (TV) Specials	Adventure,Drama,Sci-Fi	Special	3	6.91	1990
3500	3442	To Heart 2 AD Plus	Romance	OVA	2	6.91	3772
3501	2842	Tokyo Ravens: Kon ga Oshiete Moshi Agemasu! Maru Wakari Tokyo Ravens	Shounen,Supernatural	ONA	3	6.91	5949
3504	5313	Aachi wa Ssipak	Action,Comedy	Movie	1	6.9	5566
3514	3043	Green Legend Ran	Adventure,Drama,Sci-Fi	OVA	3	6.9	2908
3523	4728	Mai-HiME: Kuro no Mai/Saigo no Bansan	Comedy	Special	1	6.9	4093
3528	6047	Monster Farm: Legend e no Michi	Action,Adventure,Comedy,Fantasy	TV	25	6.9	6611
3539	628	Dragon Ball Z Movie 02: Kono Yo de Ichiban Tsuyoi Yatsu	Adventure,Comedy,Fantasy,Sci-Fi,Shounen	Movie	1	6.89	53765
3546	3963	Happiness!: Watarase Jun no Kareinaru Ichinichi	Comedy,Fantasy	OVA	1	6.89	5037
3555	5243	Panyo Panyo Di Gi Charat	Comedy	TV	48	6.89	3207
3557	3183	Sonic★the★Hedgehog	Adventure,Comedy,Sci-Fi,Shounen	OVA	2	6.89	7297
3570	3047	Di Gi Charat Ohanami Special	Comedy	Special	4	6.88	1553
3572	5590	Dragon Drive	Action,Adventure,Comedy,Fantasy,School,Sci-Fi,Shounen	TV	38	6.88	14232
3583	5261	Kobato.: Hajimete no Kobato.	Comedy,Drama,Fantasy	Special	8	6.88	6001
3595	2827	Sword Art Online: Sword Art Offline - Extra Edition	Comedy	Special	1	6.88	27380
3600	3324	Break Blade Picture Drama	Comedy,Fantasy	Special	6	6.87	4712
3603	5427	Fantascope: Tylostoma	Fantasy,Supernatural	OVA	1	6.87	1575
3608	3723	Haunted Junction	Comedy,Shounen,Supernatural	TV	12	6.87	2504
3612	2062	Love Live! School Idol Project: μ&#039;s →NEXT LoveLive! 2014 - Endless Parade Makuai Drama	Comedy	Special	3	6.87	5282
3615	4964	Moyashimon: Kin Gekijou Deluxe	Comedy	Special	4	6.87	4783
3621	3542	Senjou no Valkyria: SenVal Theater	Comedy	Special	9	6.87	8006
3623	714	Tales of Symphonia The Animation: Kratos-sensei no Private Lesson	Comedy,School	Special	1	6.87	6508
3631	729	Arad Senki: Slap Up Party	Action,Adventure,Comedy,Fantasy	TV	26	6.86	10698
3638	3703	Fireball	Comedy,Sci-Fi	TV	13	6.86	6601
3643	5447	Kaze wo Mita Shounen	Adventure,Drama,Fantasy	Movie	1	6.86	3551
3648	2860	Persona 4 the Animation: A Brief Lesson on Izanagi &amp; Izanami	School	Special	1	6.86	2497
3649	4775	Piyoko ni Omakase pyo!	Comedy,Sci-Fi,Shounen	OVA	8	6.86	1480
3652	2090	Senki Zesshou Symphogear G: In the Distance, That Day, When the Star Became Music... Specials	Comedy	Special	2	6.86	4645
3658	2831	Toaru Kagaku no Railgun S: Daiji na Koto wa Zenbu Sentou ni Osowatta	Comedy	OVA	1	6.86	13119
3668	3042	Di Gi Charat	Comedy,Fantasy,Sci-Fi	TV	16	6.85	12227
3670	3221	DNA²	Comedy,Romance,Sci-Fi	TV	12	6.85	23140
3676	2793	Koi to Senkyo to Chocolate: Ikenai Hazuki-sensei	Drama,Romance,School	Special	1	6.85	3526
3679	6127	Majime ni Fumajime Kaiketsu Zorori: Nazo no Otakara Daisakusen	Adventure,Comedy	Movie	1	6.85	272
3681	6000	Myself ; Yourself Specials	Drama,Romance,School	Special	2	6.85	4128
3682	5136	One Piece: Cry Heart	Fantasy,Shounen	Special	3	6.85	3417
3687	2615	Shakugan no Shana: Friagne to Marianne no Naze Nani Shana! Nandemo Shitsumonbako!	Comedy,Fantasy,Supernatural	Special	8	6.85	10284
3688	7264	Shiawase Sou no Okojo-san	Comedy	TV	51	6.85	1138
3700	630	Dragon Ball Z Movie 04: Super Saiyajin da Son Gokuu	Adventure,Fantasy,Sci-Fi,Shounen	Movie	1	6.84	51924
3711	4936	Project BLUE Chikyuu SOS	Adventure,Comedy,Sci-Fi,Shounen	TV	6	6.84	1892
3716	1756	Weiß Kreuz	Action,Drama,Shounen	TV	25	6.84	13039
3717	2715	Working&#039;!! Announcement Specials	Comedy	ONA	2	6.84	8973
3722	3048	Di Gi Charat Natsuyasumi Special	Comedy	Special	4	6.83	1609
3723	843	Eiyuu Densetsu: Sora no Kiseki The Animation	Action,Adventure,Fantasy	OVA	2	6.83	9730
3737	1932	Nobunagun	Action,Supernatural	TV	13	6.83	43551
3738	2458	Nyanpire The Animation	Comedy,Supernatural	TV	12	6.83	19161
3741	2672	Phantom: Requiem for the Phantom Picture Drama	Comedy	Special	12	6.83	4368
3742	4325	Pucca	Comedy,Romance	ONA	46	6.83	4211
3745	3506	Re:Zero kara Hajimeru Break Time	Adventure,Comedy,Fantasy	Special	11	6.83	17693
3747	5605	Tide-Line Blue Special	Adventure,Drama,Shounen	Special	1	6.83	1345
3748	1368	Toriko 3D: Kaimaku Gourmet Adventure!!	Action,Adventure,Comedy,Shounen	Movie	1	6.83	4204
3750	1668	Ushinawareta Mirai wo Motomete	Drama,Romance,School,Sci-Fi	TV	12	6.83	47565
3751	2380	Vampire Hunter	Action,Adventure,Drama,Fantasy	OVA	4	6.83	9826
3754	5248	Ai Monogatari: 9 Love Stories	Drama,Romance	OVA	1	6.82	2060
3756	1046	Beet the Vandel Buster Excellion	Adventure,Fantasy,Shounen,Supernatural	TV	25	6.82	5198
3757	2639	Black Jack ONA	Drama	ONA	12	6.82	1297
3766	3768	Hyakko OVA	Comedy	OVA	1	6.82	8206
3773	4454	Lupin III: Babylon no Ougon Densetsu	Action,Adventure,Comedy,Shounen	Movie	1	6.82	3251
3797	1736	Cross Fight B-Daman	Adventure	TV	52	6.81	1921
3799	3049	Di Gi Charat Christmas Special	Comedy	Special	1	6.81	2041
3802	3099	Fumiko no Kokuhaku	Comedy	ONA	1	6.81	13829
3804	2823	Hentai Ouji to Warawanai Neko.: Henneko BBS	Comedy	Special	13	6.81	15586
3807	6465	Inazuma Eleven Go: TCG CM NG-shuu	Comedy	Special	1	6.81	898
3820	2496	Ray The Animation	Drama,Romance,Sci-Fi	TV	13	6.81	7756
3823	1858	Sekai Seifuku: Bouryaku no Zvezda - Shin Zvezda Daisakusen	Action,Comedy,Fantasy	Special	1	6.81	10141
3832	4733	Wagaya no Oinari-sama. Specials	Adventure,Comedy,Fantasy,Shounen,Supernatural	Special	12	6.81	2259
3834	2743	Yuu☆Yuu☆Hakusho: Mu Mu Hakusho	Comedy	OVA	4	6.81	3670
3839	3050	Di Gi Charat Tsuyu Specials	Comedy	Special	2	6.8	963
3843	4259	Full Moon wo Sagashite: Kawaii Kawaii Daibouken	Comedy,Fantasy,Supernatural	Special	1	6.8	7087
3846	2482	Gilgamesh	Drama,Fantasy,Sci-Fi,Supernatural	TV	26	6.8	25332
3855	3392	Madan no Ou to Vanadis: Tigre-kun to Vanadi-chu	Comedy	ONA	14	6.8	8472
3861	1942	Mushi-Uta	Action,Fantasy,Sci-Fi	TV	12	6.8	11867
3867	4652	Shadow Skill	Adventure,Drama,Fantasy,Shounen	OVA	1	6.8	3164
3868	6764	The☆Doraemons: Strange, Sweets, Strange?	Fantasy	Movie	1	6.8	432
3878	6329	Hashire! Shiroi Ookami	Drama	Movie	1	6.79	485
3879	1811	Je T&#039;aime	Sci-Fi	OVA	1	6.79	3830
3880	3136	Ketsuekigata-kun!	Comedy	TV	12	6.79	6331
3881	6959	Kimagure Orange☆Road: Shounen Jump Special	Drama,Romance,Shounen	OVA	1	6.79	1942
3886	6653	Lupin III (2015): Italian Game	Action,Adventure,Comedy,Shounen	Special	1	6.79	993
3897	4509	Soreyuke! Uchuu Senkan Yamamoto Yohko (1999)	Action,Adventure,Sci-Fi	TV	26	6.79	2430
3900	4694	Tokimeki Memorial: Only Love Specials	Comedy,School	Special	2	6.79	3502
3902	1154	Akame ga Kill! Theater	Comedy	ONA	24	6.78	26852
3908	3045	Di Gi Charat: Hoshi no Tabi	Comedy	Movie	1	6.78	1973
3912	6140	Fushigi no Umi no Nadia Specials	Adventure,Sci-Fi	Special	10	6.78	1927
3914	7024	GS Mikami: Gokuraku Daisakusen!!	Comedy,Fantasy	Movie	1	6.78	1228
3915	4288	Hamelin no Violin Hiki	Adventure,Drama,Fantasy	TV	25	6.78	3654
3919	6086	Jungle Taitei (1989)	Adventure,Drama	TV	52	6.78	1875
3926	5458	Kouchuu Ouja Mushiking: Mori no Tami no Densetsu	Fantasy	TV	52	6.78	1108
3927	4217	Megane na Kanojo	Comedy,Romance,School,Shounen	OVA	4	6.78	10119
3930	5942	Ore no Imouto ga Konnani Kawaii Wake ga Nai.: Ore no Imouto ga Konnani Eroge na Wake Nai	Comedy,Romance	Special	1	6.78	3609
3935	4401	Pokemon Fushigi no Dungeon: Toki no Tankentai, Yami no Tankentai	Adventure,Fantasy	Special	1	6.78	6671
3938	3244	Rokujouma no Shinryakusha!?	Comedy,Romance,School,Supernatural	Special	1	6.78	3280
3974	5137	Sword Art Online II: Sword Art Offline II	Comedy	Special	9	6.77	19677
3983	793	Baka to Test to Shoukanjuu: Mondai - Christmas ni Tsuite Kotae Nasai	Comedy,Romance	ONA	1	6.76	28032
3985	4874	Chikyuu Bouei Kazoku	Action,Comedy,Sci-Fi,Shounen	TV	13	6.76	726
3987	2586	Digimon Savers: Agumon! Gaomon! Lalamon! Bakuretsu! Jougai Last Battle!	Action,Adventure,Comedy,Fantasy,Sci-Fi,Supernatural	Special	1	6.76	4327
3989	2751	Fate/Zero: Onegai! Einzbern Soudanshitsu	Comedy	Special	6	6.76	19326
3990	3254	Freedom Previsited	Action,Adventure,Sci-Fi	OVA	1	6.76	1990
3994	4292	Kurogane Communication	Action,Adventure,Drama,Sci-Fi	TV	24	6.76	2928
3997	2933	Medarot Damashii	Action,Adventure,Sci-Fi	TV	39	6.76	9590
4000	1727	Musaigen no Phantom World Special	Action,Comedy,Fantasy,Supernatural	Special	1	6.76	14168
4003	1532	Ore, Twintail ni Narimasu.	Action,Comedy,Fantasy,Romance,School,Shounen	TV	12	6.76	66868
4004	3363	Otome wa Boku ni Koishiteru Special	Comedy,Romance,School	Special	1	6.76	9347
4006	2779	SKET Dance: SD Character Flash Anime	Comedy,School,Shounen	ONA	16	6.76	2017
4008	4726	Tales of Gekijou	Comedy	Special	5	6.76	2853
4012	1715	Ushinawareta Mirai wo Motomete: Ushinawareta Natsuyasumi wo Motomete	Romance	Special	1	6.76	3437
4014	5201	Xiao Qian	Action,Drama,Fantasy,Romance	Movie	1	6.76	1823
4024	5937	Gakumon!: Ookami Shoujo wa Kujikenai	Comedy,School,Shounen	ONA	3	6.75	1477
4029	6967	Hakugei Densetsu	Adventure,Sci-Fi	TV	26	6.75	1387
4035	2958	Koihime†Musou OVA	Comedy,Fantasy,School	OVA	1	6.75	7747
4036	5505	Line Offline: Salaryman	Comedy	TV	114	6.75	1190
4047	4178	Shadow Skill (1996)	Adventure,Drama,Fantasy,Shounen	OVA	3	6.75	3210
4048	5254	Shigofumi Picture Drama	Comedy	Special	7	6.75	2804
4055	3092	3 Choume no Tama: Uchi no Tama Shirimasenka?	Adventure	TV	35	6.74	967
4058	3095	Blue Dragon: Tenkai no Shichi Ryuu	Adventure,Comedy,Fantasy,Supernatural	TV	51	6.74	6667
4067	4596	Love Get Chu	Comedy,Romance	TV	25	6.74	5725
4069	5670	Ryuugajou Nanana no Maizoukin (TV) Specials	Comedy	Special	6	6.74	3689
4071	1963	Sasami-san@Ganbaranai	Comedy,Romance,Supernatural	TV	12	6.74	55635
4072	6481	Sensei no Ojikan: Doki Doki School Hours OVA	Comedy,School	OVA	7	6.74	1441
4073	4321	Shirayuki Hime no Densetsu	Adventure,Fantasy,Romance	TV	52	6.74	1486
4076	1781	Superflat Monogram	Adventure,Fantasy	Special	1	6.74	4889
4083	4878	Baby Baachan	Comedy,Drama	TV	53	6.73	406
4087	4389	DNA² OVA	Comedy,Drama,Sci-Fi	OVA	3	6.73	8003
4088	2666	Dr. Slump Movie 02: &quot;Hoyoyo!&quot; Uchuu Daibouken	Comedy,Sci-Fi,Shounen	Movie	1	6.73	596
4089	4942	Element Hunters	Sci-Fi,Shounen	TV	39	6.73	9115
4093	6330	Helen Keller Monogatari: Ai to Hikari no Tenshi	Drama	Movie	1	6.73	285
4096	4473	Juubee-chan: Lovely Gantai no Himitsu	Action,Adventure,Comedy,Drama,Shounen	TV	13	6.73	11531
4097	3740	Kage kara Mamoru!	Comedy,Romance,Shounen	TV	12	6.73	17136
4113	6422	Usavich Special	Adventure,Comedy	Special	1	6.73	1352
4119	6520	Battle Spirits: Heroes	Action,Shounen	TV	50	6.71	836
4120	6747	Blue Seed 1.5	Comedy,Romance,Sci-Fi	OVA	2	6.72	1326
4121	7222	Bomberman B-Daman Bakugaiden	Comedy,Sci-Fi,Shounen	TV	48	6.72	1419
4125	2554	Digimon Savers the Movie: Kyuukyoku Power! Burst Mode Hatsudou!!	Action,Adventure,Comedy,Fantasy,Shounen	Movie	1	6.72	7937
4127	2646	Dr. Slump Movie 01: Arale-chan Hello! Fushigi Shima	Comedy,Sci-Fi,Shounen	Movie	1	6.72	916
4128	2611	Dr. Slump Movie 04: Arale-chan Hoyoyo! Nanaba Shiro no Hihou	Comedy,Sci-Fi,Shounen	Movie	1	6.72	686
4131	1178	Duel Masters Cross	Action,Adventure,Comedy,Shounen	TV	100	6.72	1062
4138	2243	Hidamari Sketch: Chou Hidamatsuri Special	Comedy	Special	1	6.72	1496
4140	5013	K: Missing Kings - Manner Movie	Comedy	Movie	1	6.72	3235
4152	4965	Telepathy Shoujo Ran	Fantasy,School	TV	26	6.72	5611
4157	1755	Weiß Kreuz Glühen	Action,Drama,Shounen	TV	13	6.72	7043
4169	5068	Hikari no Megami	Action,Fantasy	Special	1	6.71	2304
4174	2817	Kyousou Giga (TV) Recaps	Action,Fantasy,Supernatural	Special	2	6.71	7322
4177	1325	Natsu-iro no Sunadokei	Drama,Romance,Sci-Fi	OVA	2	6.71	6327
4183	2761	Shakugan no Shana: Friagne to Marianne no Naze Nani Shana! Nandemo Shitsumonbako! 2	Comedy,Fantasy,Supernatural	Special	8	6.71	4982
4188	4203	Touka Gettan	Drama,Romance,Supernatural	TV	26	6.71	13921
4189	4418	Umi Monogatari: Anata ga Ite Kureta Koto - Shinjiau Kokoro	Comedy,Fantasy,Supernatural	Special	1	6.71	2484
4190	5607	Windaria	Action,Drama,Fantasy,Romance,Sci-Fi	Movie	1	6.71	4905
4192	5180	Bomberman B-Daman Bakugaiden V	Sci-Fi,Shounen	TV	50	6.7	932
4193	3046	Di Gi Charat Summer Special 2000	Comedy	Special	4	6.7	1685
4198	3912	Narue no Sekai	Comedy,Romance,Sci-Fi	TV	12	6.7	11544
4199	7249	NG Knight Ramune &amp; 40 DX: Wakuwaku Jikuu - Honoo no Daisousasen	Adventure,Comedy,Fantasy,Shounen	OVA	3	6.7	421
4201	3252	Onkyo Seimeitai Noiseman	Action,Fantasy,Sci-Fi	Movie	1	6.7	5295
4223	6454	Girls und Panzer: Nihon Senshadou Renmei News	Comedy	Special	2	6.69	1134
4224	4934	Glass no Kantai: La Legende du Vent de l&#039;Univers	Adventure,Sci-Fi	TV	24	6.69	8052
4225	6312	Guitar wo Motta Shounen: Kikaider vs. Inazuman	Sci-Fi,Shounen	Special	1	6.69	678
4227	3253	Jumping	Adventure	Movie	1	6.69	2341
4237	3485	Mushrambo (2008)	Action,Adventure,Fantasy,Sci-Fi	OVA	2	6.69	831
4241	2396	Rewrite	Action,Comedy,Romance,School,Supernatural	TV	13	6.69	71545
4244	2140	Star Ocean EX	Adventure,Fantasy,Sci-Fi,Shounen	TV	26	6.69	9024
4248	5592	Trouble Chocolate	Comedy,Romance,Sci-Fi,Shounen	TV	20	6.69	2747
4251	6401	Yumedamaya Kidan	Drama,Fantasy	Special	1	6.69	1957
4254	1741	Arata Kangatari	Adventure,Fantasy,Shounen	TV	12	6.68	38819
4255	3546	Busou Shinki Moon Angel	Action,Sci-Fi	ONA	10	6.68	9743
4256	2478	Comic Party	Comedy,Drama	TV	13	6.68	12988
4257	2488	Comic Party Revolution	Comedy,Drama	TV	13	6.68	6690
4259	5282	Cutey Honey	Action,Adventure,School,Sci-Fi	TV	25	6.68	6596
4261	2110	Digimon Xros Wars: Toki wo Kakeru Shounen Hunter-tachi	Action,Adventure,Comedy,Fantasy,Shounen	TV	25	6.68	11963
4263	2884	Ghost in the Shell Arise Episode: [.jp]	Action	Special	1	6.68	2209
4268	424	Inu to Hasami wa Tsukaiyou	Comedy,Supernatural	TV	12	6.68	69526
4275	2300	Nyoro-n Churuya-san	Comedy	ONA	13	6.68	21340
4282	3509	Time Travel Shoujo: Mari Waka to 8-nin no Kagakusha-tachi	Adventure,Sci-Fi	TV	12	6.68	9248
4296	2592	Comic Party Revolution OVA	Comedy	OVA	4	6.67	2237
4298	7239	Futatsu no Kurumi	Drama	Special	1	6.67	552
4302	5199	Nekojiru Gekijou Jirujiru Original	Action,Comedy	TV	27	6.67	6303
4318	3195	Bus Gamer	Action	TV	3	6.66	20550
4319	7017	Crusher Joe (1989)	Action,Adventure,Sci-Fi	OVA	2	6.66	1279
4324	5367	Honto ni Atta! Reibai Sensei	Comedy,School,Shounen,Supernatural	TV	22	6.66	5082
4326	5815	Kujiratori	Adventure	Movie	1	6.66	1572
4332	2483	Phantom The Animation	Action,Drama,Shounen	OVA	3	6.66	9285
4344	3548	Yuri Seijin Naoko-san (2012)	Comedy	OVA	1	6.66	6578
4345	923	Amagami SS+ Plus Picture Drama	Romance	Special	2	6.65	8232
4349	2775	Busou Shinki OVA	Action,Sci-Fi	OVA	1	6.65	4158
4352	3925	Eden&#039;s Bowy	Action,Adventure,Fantasy,Romance,Sci-Fi	TV	26	6.65	4106
4360	5417	Kishin Douji Zenki Gaiden: Anki Kitan	Action,Supernatural	OVA	1	6.65	892
4375	5454	Ryuugajou Nanana no Maizoukin	Comedy,Supernatural	Special	1	6.66	7177
4376	2085	Saint Seiya: Legend of Sanctuary	Adventure,Fantasy,Sci-Fi,Shounen	Movie	1	6.65	10776
4379	7018	Uchuu Kaizoku Mito no Daibouken	Action,Comedy,Sci-Fi	TV	13	6.65	1009
4386	4949	Etotama Specials	Action,Comedy,Fantasy	Special	6	6.64	3753
4390	2033	Futakoi	Comedy,Romance,School	TV	13	6.64	23968
4394	2820	Kyoukai no Kanata: Idol Saiban! Mayoi Nagara mo Kimi wo Sabaku Tami	Comedy	ONA	5	6.64	19389
4408	301	Amagi Brilliant Park: Wakuwaku Mini Theater - Rakugaki Backstage	Comedy	Special	7	6.63	14515
4415	5311	Ghiblies	Comedy	Special	2	6.63	3230
4418	4295	Hamelin no Violin Hiki: The Movie	Adventure,Comedy,Fantasy	Movie	1	6.63	1551
4428	4191	PetoPeto-san	Comedy,Fantasy,Romance,School	TV	13	6.63	3956
4429	2921	Pokemon Fushigi no Dungeon: Shutsudou Pokemon Kyuujotai Ganbaruzu!	Adventure,Fantasy	Special	1	6.63	8541
4433	3303	Sonic: Night of the WereHog	Action	ONA	1	6.63	3424
4435	2071	Terra e...	Action,Drama,Sci-Fi,Shounen	Movie	1	6.63	4807
4441	5584	Arslan Senki (TV) Specials	Comedy	Special	8	6.62	5241
4443	5786	Chibi Kero: Kerobouru no Himitsu!?	Comedy	Special	1	6.62	625
4446	6621	Doubutsu Takarajima	Adventure	Movie	1	6.62	818
4448	1725	Hai to Gensou no Grimgar Special	Comedy	Special	1	6.62	18358
4451	2083	K-On!!: Ura-On!!	Comedy	Special	9	6.62	23216
4457	1357	Lupin III: Pilot Film	Action,Comedy,Shounen	Movie	1	6.62	3500
4461	5947	Palme no Ki	Adventure,Drama,Fantasy,Romance	Movie	1	6.62	3462
4462	6442	Saiyuuki	Adventure	Movie	1	6.62	1175
4465	6433	Sojunghan Nal-ui Kkum	Comedy,Drama,Romance	Movie	1	6.62	904
4467	6763	The☆Doraemons: Mushimushi Pyonpyon Daisakusen!	Fantasy	Movie	1	6.62	479
4468	676	Tooi Sekai	Drama,Romance	ONA	1	6.62	11347
4469	5057	Usavich V	Comedy	TV	13	6.62	985
4470	5340	Utawarerumono Recaps	Action,Drama,Fantasy	Special	2	6.62	2667
4473	2696	Black Jack: Heian Sento	Shounen	Movie	1	6.61	1087
4477	7366	eX-Driver the Movie Specials	Comedy	Special	3	6.61	497
4485	2148	Seikimatsu Occult Gakuin Specials	Comedy,School,Supernatural	Special	4	6.61	7550
4487	7203	Shin Koihime†Musou OVA Omake	Adventure,Comedy,Fantasy	Special	1	6.61	1041
4488	7202	Shin Koihime†Musou: Otome Tairan OVA Omake	Adventure,Comedy,Fantasy	Special	1	6.61	1035
4489	3802	Yozakura Quartet: Yoza-Quar!	Comedy	Special	6	6.61	4545
4490	2609	Zettai Karen Children Recap	Action,Comedy,Shounen,Supernatural	Special	1	6.61	1603
4494	4943	Computer Kakumei: Saikyou x Saisoku no Zunou Tanjou	Sci-Fi	Special	1	6.6	5171
4496	6432	Gokinjo Monogatari the Movie	Comedy,Drama,Romance	Movie	1	6.6	1343
4505	3364	Mission-E	Action,Comedy,School,Sci-Fi	TV	12	6.6	3931
4511	7293	Saint October	Adventure,Fantasy	TV	26	6.6	3838
4512	2785	Shakugan no Shana: Shana &amp; Yuuji no Naze Nani Shana! Nandemo Shitsumon-bako!	Comedy,Fantasy,Supernatural	Special	1	6.6	3965
4513	1744	Shin Hikari Shinwa: Palutena no Kagami	Adventure,Comedy,Fantasy	ONA	3	6.6	1763
4517	3636	Street Fighter Alpha: Generations	Adventure,Shounen	Movie	1	6.6	8906
4519	3123	Yoru no Yatterman	Action,Adventure,Comedy,Drama	TV	12	6.6	22662
4527	4841	Gakkatsu!	Comedy,School	TV	25	6.59	5208
4530	5792	Go! Go! Itsutsugo Land	School	TV	50	6.59	393
4531	2911	Hacka Doll The Animation	Comedy,Sci-Fi	TV	13	6.59	19502
4534	1717	Luger Code 1951	Action,Fantasy	Special	1	6.59	14410
4539	4633	Ningyo	Fantasy	Movie	1	6.59	2265
4542	5434	Rockman Hoshi ni Negai wo	Action,Adventure,Sci-Fi	OVA	3	6.59	1979
4543	2748	Saint Seiya Omega	Action,Adventure,Fantasy,Shounen	TV	97	6.59	22684
4547	6003	Strange Dawn	Adventure,Drama,Fantasy	TV	13	6.59	1865
4552	5092	Break Blade: Virgins War	Action	Special	1	6.58	1876
4559	3696	Himawari!!	Comedy,Romance	TV	13	6.58	7275
4565	5118	Kinnikuman II Sei: Second Generations	Comedy	Movie	1	6.58	459
4573	6323	Sekai Meisaku Douwa: Aladdin to Mahou no Lamp	Adventure,Fantasy	Movie	1	6.58	573
4580	5302	Tori no Uta	Fantasy	OVA	1	6.58	2426
4588	7324	Domo TV	Comedy	TV	26	6.57	832
4590	4508	Galaxy Angel Rune	Comedy,Sci-Fi	TV	13	6.57	3551
4591	5356	Kudan	Fantasy	Movie	1	6.57	189
4593	3919	Mizuiro (2003)	Drama,Romance,Supernatural	OVA	2	6.57	2325
4601	6781	Saiyuuki: Son Gokuu Monogatari	Adventure	Movie	1	6.57	574
4602	3002	Takamiya Nasuno Desu!: Teekyuu Spin-off	Comedy,Shounen	TV	12	6.57	8213
4603	4972	Tayutayu: Pure My Heart	Comedy	Special	6	6.57	4876
4606	2302	Winter Sonata Episode 0	Drama,Romance	Special	1	6.57	3300
4611	2636	Dr. Slump Movie 07: Arale-chan N-cha! Penguin Mura yori Ai wo Komete	Comedy,Sci-Fi,Shounen	Movie	1	6.56	575
4615	5972	Koi☆Sento	Comedy,Romance	OVA	1	6.56	4830
4616	879	Last Exile: Ginyoku no Fam Recaps	Action,Adventure,Sci-Fi	Special	2	6.56	4621
4619	5290	Mori no Youki na Kobito-tachi: Belfy to Lillibit	Adventure,Comedy,Fantasy	TV	26	6.56	561
4620	2845	Ninja Slayer From Animation	Action	ONA	26	6.56	26062
4621	6324	Panda no Daibouken	Adventure	Movie	1	6.56	300
4637	4894	Aru Tabibito no Nikki Specials	Adventure,Fantasy	Special	3	6.55	5473
4640	2102	Blue Dragon	Adventure,Comedy,Fantasy,Supernatural	TV	51	6.55	22718
4641	7340	Chocolate Underground: Bokura no Chocolate Sensou	Adventure	Movie	1	6.55	1432
4642	6085	Daishizen no Majuu: Bagi	Action,Romance,Sci-Fi	Movie	1	6.55	1479
4645	6377	Genshi Shounen Ryuu	Action,Adventure,Romance,Sci-Fi,Shounen	TV	22	6.55	731
4648	7385	Juusen Battle Monsuno	Action,Adventure	TV	52	6.55	2248
4649	6385	Kabatotto	Comedy	TV	300	6.55	240
4654	36	Naruto: Akaki Yotsuba no Clover wo Sagase	Adventure,Comedy,Shounen	Special	1	6.55	47587
4655	5253	Neko Ramen	Comedy	ONA	13	6.55	2059
4667	1773	Venus Versus Virus	Drama,Romance,Supernatural	TV	12	6.55	20883
4671	2489	Comic Party Specials	Comedy,Drama	Special	4	6.54	2669
4673	2637	Dr. Slump Movie 09: Arale-chan N-cha!! Wakuwaku Hot no Natsuyasumi	Comedy,Sci-Fi,Shounen	Movie	1	6.54	553
4677	6629	Kagaku Ninja-tai Gatchaman (Movie)	Action,Adventure,Sci-Fi,Shounen	Movie	1	6.54	694
4682	3523	Mass Effect: Paragon Lost	Action,Adventure,Sci-Fi	Movie	1	6.54	5305
4699	5285	Huckleberry Finn Monogatari	Adventure	TV	26	6.53	665
4701	4890	Lily to Kaeru to (Otouto)	Adventure,Comedy,Supernatural	Special	1	6.53	760
4710	6027	Tondemo Nezumi Daikatsuyaku	Adventure	Movie	1	6.53	252
4715	2604	Blassreiter: Navi	Action,Sci-Fi	Special	1	6.52	2914
4727	1632	Kite Liberator	Action,Drama,Sci-Fi	OVA	1	6.52	15827
4728	2851	Mahou Shoujo Madoka★Magica Movie 3: Hangyaku no Monogatari - Magica Quartet x Nisioisin	Comedy	Movie	4	6.52	6946
4729	5238	Mega Man	Action,Adventure,Comedy	TV	27	6.52	3263
4734	4467	Pia Carrot e Youkoso!! 2 DX	Comedy,Romance	OVA	6	6.52	1425
4740	4656	TO	Action,Sci-Fi	OVA	2	6.52	3869
4741	3427	To Heart 2 Special	Drama,Romance,School	Special	1	6.52	2599
4742	4734	Utawarerumono OVA Picture Drama	Comedy,Fantasy	Special	3	6.52	3359
4749	2829	Kyoukaisenjou no Horizon Specials	Comedy,Fantasy,School	ONA	4	6.51	1967
4755	6801	Sakura Taisen: New York	Adventure,Comedy,Supernatural	OVA	6	6.51	1769
4756	4528	Silent Mobius: The Motion Picture	Adventure,Sci-Fi,Supernatural	Movie	1	6.51	2194
4758	6724	Time Bokan Series: Time Patroltai Otasukeman	Action,Adventure,Comedy,Sci-Fi	TV	53	6.51	341
4765	2799	Black Jack: Karte NG Extras	Comedy	Special	1	6.5	612
4772	5169	Classroom☆Crisis Special	School,Sci-Fi	Special	1	6.5	2738
4773	1179	Duel Masters Cross Shock	Action,Adventure,Comedy,Shounen	TV	50	6.5	920
4775	2981	Escha &amp; Logy no Atelier: Tasogare no Sora no Renkinjutsushi	Fantasy	TV	12	6.5	37885
4776	1277	Final Fantasy: The Spirits Within	Sci-Fi	Movie	1	6.5	53822
4777	5419	Gag Manga Biyori: Jump Festa 2002 Special	Comedy	Special	1	6.5	513
4778	1610	Galilei Donna	Action,Adventure,Sci-Fi	TV	11	6.5	39413
4780	2847	Kara no Kyoukai: Manner Movies	Action,Comedy	Movie	7	6.49	5367
4788	6194	Toshi wo Totta Wani	Drama	Movie	1	6.5	1638
4789	3266	Wanpaku Ouji no Orochi Taiji	Adventure	Movie	1	6.5	704
4790	7199	Yagami-kun no Katei no Jijou	Comedy	OVA	3	6.5	647
4791	7252	Yoshinaga-san&#039;chi no Gargoyle Specials	Adventure,Comedy,Fantasy	Special	5	6.5	867
4796	1649	Arata naru Sekai: World&#039;s/Start/Load/End	Sci-Fi	OVA	1	6.49	13647
4801	6833	Di Gi Charat: Kuchi Kara Bazooka	Comedy	Special	1	6.49	1249
4804	6863	Geobreeders: File-X Chibi Neko Dakkan	Adventure,Comedy,Shounen,Supernatural	OVA	3	6.49	1636
4807	6142	Happy Seven: The TV Manga	Comedy,Fantasy	TV	13	6.49	3287
4808	4695	Himesama Goyoujin	Comedy	TV	12	6.49	1623
4813	6177	Nana Toshi Monogatari: Hokkyokukai Sensen	Drama,Sci-Fi	OVA	2	6.49	1085
4823	3950	Ajimu: Kaigan Monogatari	Comedy,Drama,Romance,School	ONA	4	6.48	9102
4825	2577	Black Jack: Dr. Pinoko no Mori no Bouken	Comedy	Special	1	6.48	1272
4828	2651	Dr. Slump Movie 06: Arale-chan N-cha! Penguin Mura wa Hare Nochi Hare	Comedy,Sci-Fi,Shounen	Movie	1	6.48	557
4832	6218	Lupin III: Secret File	Adventure,Comedy,Shounen	OVA	1	6.48	1994
4837	7026	Ozanari Dungeon: Kaze no Tou	Action,Adventure,Comedy,Fantasy	OVA	3	6.48	635
4840	1562	Saint Beast: Kouin Jojishi Tenshi Tan	Fantasy	TV	13	6.48	4707
4843	2878	Shakugan no Shana: Naze Nani Shana! Nandemo Shitsumonbako! Special	Comedy,Fantasy,Supernatural	Special	3	6.48	2190
4846	3647	Super Street Fighter IV	Action,Adventure,Shounen	OVA	1	6.48	4498
4849	3280	Wonder Garden	Fantasy	ONA	1	6.48	2855
4850	2938	Yotsunoha	Romance,School	OVA	2	6.48	8565
4853	2667	Dr. Slump Movie 05: Arale-chan Hoyoyo! Yume no Miyako Mechapolis	Comedy,Sci-Fi,Shounen	Movie	1	6.47	537
4854	4978	Heroman Specials	Action,Sci-Fi,Shounen	Special	3	6.47	1879
4855	3690	King of Fighters: Another Day	Adventure,Drama,Shounen	ONA	4	6.47	8497
4857	6357	Koihime†Musou OVA Omake	Adventure,Comedy,Fantasy	Special	1	6.47	992
4863	5080	Ookii 1 Nensei to Chiisana 2 Nensei	Adventure	Movie	1	6.47	2830
4866	6396	Shin Mitsubachi Maya no Bouken	Adventure,Comedy	TV	52	6.47	1286
4869	4511	Soreyuke! Uchuu Senkan Yamamoto Yohko II	Action,Adventure,Sci-Fi	OVA	3	6.47	1099
4872	4330	Wangpai Yushi Di 0 Ji	Comedy,Fantasy,School,Shounen,Supernatural	Special	1	6.47	465
4875	2647	Dr. Slump Movie 03: Arale-chan Hoyoyo! Sekai Isshuu Dai Race	Comedy,Sci-Fi,Shounen	Movie	1	6.46	557
4877	3211	Kappa no Kaikata	Comedy	TV	26	6.46	1209
4884	6591	Perman	Adventure,Comedy	TV	54	6.46	499
4890	2003	Sword Art Online: Sword Art Offline	Comedy	Special	9	6.46	50012
4891	7185	Tenrankai no E	Comedy	Movie	1	6.46	1065
4893	5699	Umi Monogatari: Kanon to Iku Amamikoshima	Comedy	Special	13	6.46	1087
4895	998	Asobi ni Iku yo!: Asobi ni Oide - Owari	Comedy	Special	1	6.45	3380
4897	6397	Baby☆Love	Comedy,Romance	OVA	1	6.45	3708
4901	2822	Denpa Kyoushi	Comedy,School,Shounen	Special	2	6.45	5010
4902	5969	Denshinbashira Elemi no Koi	Fantasy	Movie	1	6.45	1139
4904	2621	Go! Go! Ackman	Action,Comedy,Supernatural	OVA	1	6.45	450
4910	3878	Memories Off 2nd	Drama,Romance	OVA	3	6.45	2750
4911	3879	Memories Off 3.5	Drama,Romance	OVA	4	6.45	2321
4916	2997	Shoujo-tachi wa Kouya wo Mezasu	School	TV	12	6.45	60452
4925	5373	Fireball Special	Comedy,Sci-Fi	Special	1	6.44	1439
4945	2584	Bakkyuu HIT! Crash Bedaman	Adventure	TV	50	6.43	747
4946	5449	Code Geass: Hangyaku no Lelouch - Kiseki no Birthday Picture Drama Flash Special	School,Supernatural	Special	1	6.43	5005
4960	7232	UFO Princess Valkyrie: Recap	Comedy,Romance,Sci-Fi	Special	1	6.44	739
4963	2668	Dr. Slump Movie 08: Arale-chan Hoyoyo!! Tasuketa Same ni Tsurerarete...	Comedy,Sci-Fi,Shounen	Movie	1	6.42	506
4969	2079	K-On!: Ura-On!	Comedy	Special	7	6.42	36560
4978	6841	Nogsaegjeoncha Haemosu	Action,Adventure,Fantasy,Shounen	TV	26	6.42	287
4979	2859	Persona 4 the Animation: Mr. Experiment Shorts	Comedy	Special	5	6.42	2196
4981	5097	Shoujo-tachi wa Kouya wo Mezasu OVA	School	OVA	1	6.42	7194
4985	1088	Toradora!: SOS!	Comedy	Special	4	6.42	54096
4987	5368	Xi Avant	Adventure,Sci-Fi	Movie	1	6.41	2379
4996	6875	Haai Step Jun	Action,Romance,School,Sci-Fi	TV	45	6.41	400
5002	6266	Rinne no Lagrange Season 2 Specials	Comedy	Special	6	6.41	1599
5005	4524	Wind: A Breath of Heart Specials	Comedy,Romance,School	Special	4	6.41	1335
5006	2228	Yojouhan Shinwa Taikei Specials	Comedy	Special	3	6.41	10005
5012	6264	Hanamaru Youchien Special Preview	Comedy,School	Special	1	6.4	1093
5014	3346	Himiko-den	Adventure,Drama,Fantasy,Supernatural	TV	12	6.4	3731
5015	6511	Hokkyoku no Muushika Miishika	Adventure	Movie	1	6.4	172
5031	5001	Dragon Collection	Fantasy,Shounen	TV	51	6.39	3229
5034	2514	Kujibiki♥Unbalance	Comedy,Romance,School	TV	12	6.39	9021
5037	6071	Phantom of the Kill: Zero kara no Hangyaku	Action,Adventure,Fantasy	Movie	1	6.39	4893
5041	3108	Taisei Kensetsu: Vietnam Noi Bai Kuukou	Drama	Special	1	6.39	2258
5042	6203	Uchuu Kazoku Carlvinson	Comedy,Fantasy,Sci-Fi	OVA	1	6.39	649
5043	5698	Umi Monogatari: Marin no Kore Naani?	Comedy	Special	4	6.39	1229
5047	2152	Accel World: Acchel World.	Comedy,Sci-Fi	Special	8	6.38	26190
5054	6990	Eightman After	Action,Drama,Sci-Fi	OVA	4	6.38	1771
5065	5076	Shiranpuri (Movie)	Drama,School	Movie	1	6.38	3104
5067	5739	Tenshi Nanka ja Nai	Comedy,Drama	OVA	1	6.38	2027
5069	7019	Uchuu Kaizoku Mito no Daibouken: Futari no Joou-sama	Action,Comedy,Sci-Fi	TV	13	6.38	585
5072	6280	Yuusha ni Narenakatta Ore wa Shibushibu Shuushoku wo Ketsui Shimashita. Specials	Comedy	Special	5	6.38	3818
5079	1171	Duel Masters Charge	Action,Adventure,Comedy,Shounen	TV	52	6.37	2827
5082	942	Kyoto Animation: Ikitaku Naru Omise-hen	Sci-Fi	Special	1	6.37	2708
5084	6196	Moyashimon CGI Anime	Comedy,School,Supernatural	OVA	1	6.37	1415
5085	1576	Shikabane Hime: Puchitto	Comedy	Special	1	6.37	3377
5086	3911	Sister Princess: Re Pure	Drama,Romance	TV	13	6.37	5782
5095	5785	Ganbare Goemon	Comedy,Shounen	TV	23	6.36	713
5102	1776	Kaze no Tairiku	Action,Adventure,Fantasy,Supernatural	Movie	1	6.36	2552
5107	4216	Mianhada Saranghanda	Drama	Movie	1	6.36	969
5108	4445	Psychic Academy	Comedy,Romance,Supernatural	TV	24	6.36	7751
5118	2625	Dengeki Bunko 2007 Movie Festival Special	Comedy	Special	1	6.35	2793
5122	7012	Grey: Digital Target	Action,Fantasy,Sci-Fi	Movie	1	6.35	1052
5124	4974	Hoshi ni Negai wo: Cold Body + Warm Heart	Adventure,Sci-Fi	ONA	1	6.35	1217
5128	7355	Lunn wa Kaze no Naka	Drama,Romance	OVA	1	6.35	403
5131	4852	Minori Scramble!	Comedy	OVA	1	6.35	2208
5133	3279	Short Peace Opening	Fantasy,Sci-Fi,Supernatural	Special	1	6.35	2790
5134	1875	Taifuu no Noruda	Drama,School,Sci-Fi,Supernatural	Movie	1	6.35	14281
5137	6045	Tsuki no Sango	Drama	Movie	1	6.35	1661
5138	6348	Uchuujin Tanaka Tarou	Comedy,School,Shounen	TV	24	6.35	386
5141	3884	Wind: A Breath of Heart OVA	Drama,Romance,School,Supernatural	OVA	3	6.35	2043
5142	4860	Yousei Hime Ren	Adventure,Comedy,Fantasy	OVA	2	6.35	2253
5143	6548	Amanatsu	Sci-Fi	Movie	1	6.34	1305
5146	4523	Bakuen Campus Guardress	Action,Comedy,School,Shounen,Supernatural	OVA	4	6.34	1491
5150	1135	Cowboy Bebop: Ein no Natsuyasumi	Adventure	Special	1	6.34	9456
5151	2669	Dr. Slump Movie 10: Arale no Bikkuriman	Comedy,Sci-Fi,Shounen	Movie	1	6.34	513
5158	6750	Koneko no Studio	Comedy	Movie	1	6.34	373
5162	3920	Memories Off #5 Togireta Film The Animation	Drama,Romance	OVA	1	6.34	2068
5167	4069	Saishuu Shiken Kujira Progressive	Drama,Romance	OVA	1	6.34	1710
5170	3645	Street Fighter: Aratanaru Kizuna	Action,Adventure,Shounen	OVA	1	6.34	5106
5191	4490	Soreyuke! Uchuu Senkan Yamamoto Yohko	Adventure,Comedy,Sci-Fi	OVA	3	6.33	1735
5193	2598	Ushio to Tora: Comically Deformed Theater	Action,Comedy	OVA	1	6.33	1501
5201	2684	Haiyoru! Nyaruani: Remember My Love(craft-sensei)	Comedy,Sci-Fi	TV	11	6.32	17934
5204	4457	Kimi ga Nozomu Eien: Ayu Mayu Gekijou	Comedy	ONA	7	6.32	4503
5208	4355	Tales of Eternia The Animation	Adventure,Comedy,Fantasy,Romance,Shounen	TV	13	6.32	11582
5210	2477	Triangle Heart: Sweet Songs Forever	Adventure,Romance	OVA	4	6.32	4543
5212	4997	Yuyushiki: Nyanyashiki	Comedy	Special	6	6.32	6805
5214	3814	Ai Tenchi Muyou!	Comedy,Sci-Fi,Shounen	TV	50	6.31	15313
5221	7278	Hiatari Ryoukou! Yume no Naka ni Kimi ga Ita	Comedy,Drama,Romance	Movie	1	6.31	399
5222	4973	Hoshi ni Negai wo: Fantastic Cat	Adventure,Sci-Fi	ONA	1	6.31	1140
5230	7170	Suna no Bara: Yuki no Mokushiroku	Action	OVA	1	6.31	633
5233	5923	Catblue: Dynamite	Action,Fantasy	ONA	1	6.3	1311
5234	6907	DNA Sights 999.9	Action,Adventure,Drama,Sci-Fi	OVA	1	6.3	1048
5256	2142	Final Fantasy: Unlimited	Action,Adventure,Fantasy,Sci-Fi,Shounen	TV	25	6.29	25652
5265	5396	Taisei Kensetsu: Bosporus Kaikyou Tunnel	Drama	Special	1	6.29	2707
5266	2993	Tamako Market Specials	Comedy	Special	6	6.29	12141
5274	6978	Gu-Gu Ganmo	Comedy,School	TV	50	6.28	259
5276	6217	Lupin III: Ikiteita Majutsushi	Adventure,Comedy,Shounen	OVA	1	6.28	2697
5281	4244	RG Veda	Adventure,Drama,Fantasy	OVA	2	6.28	5070
5282	4990	Rinne no Lagrange Specials	Comedy	Special	6	6.28	3291
5283	6846	Rokumon Tengai Mon Colle Knights Movie: Densetsu no Fire Dragon	Adventure,Comedy,Fantasy	Movie	1	6.28	350
5289	7362	Akuemon	Fantasy,Romance	OVA	1	6.27	453
5291	951	BlazBlue: Alter Memory	Action,Fantasy	TV	12	6.27	52965
5298	5620	Kouryuu Densetsu Villgust	Action,Adventure,Comedy,Fantasy,Romance	OVA	2	6.27	1079
5299	945	Kyoto Animation: Kasa-hen	Fantasy	Special	1	6.27	2317
5306	4848	Tabi Machi Late Show	Drama	TV	4	6.27	5430
5310	6479	Barbapapa	Comedy,Fantasy	TV	45	6.26	1385
5311	5114	Beast Wars Second: LioConvoy in Imminent Danger!	Action,Adventure,Sci-Fi	Movie	1	6.26	685
5316	2711	Haiyoru! Nyaruani: Remember My Love(craft-sensei) Special	Comedy,Sci-Fi	Special	1	6.26	8434
5320	4407	Madobe Nanami no Windows 7 de PC Jisaku Ouen Commercial!!	Comedy	OVA	1	6.26	6996
5321	6828	Oz no Mahoutsukai	Fantasy	Movie	1	6.26	357
5324	5655	Suntory Minami Alps no Tennen Mizu	Drama,School	Special	3	6.26	3700
5326	3267	Top wo Nerae! Kagaku Kouza	Comedy,Sci-Fi	Special	6	6.26	5479
5334	1589	Dragon Age: Blood Mage no Seisen	Action,Fantasy	Movie	1	6.25	6341
5335	7354	Eien no Filena	Adventure,Drama,Fantasy	OVA	6	6.25	301
5336	4238	Final Fantasy	Action,Adventure,Comedy,Fantasy	OVA	4	6.25	10325
5339	6139	Imawa no Kuni no Alice	Action	ONA	1	6.25	824
5343	4698	Kemono to Chat	Comedy	OVA	1	6.25	1175
5344	5322	Kouchou-sensei to Kujira	Drama	Movie	1	6.25	1441
5359	4521	Wind: A Breath of Heart	Comedy,School	OVA	1	6.25	1557
5368	3667	Calimero	Comedy	TV	45	6.24	2279
5370	4380	Crystal Blaze	Action,Sci-Fi	TV	12	6.24	11974
5375	6067	Gunslinger Stratos: The Animation - Bunki/Futatsu no Mirai	Action,Sci-Fi	Special	1	6.24	1379
5376	6492	Kaze no Matasaburou (Movie)	Fantasy,Supernatural	Movie	1	6.24	1131
5382	616	School Days ONA	Drama,Romance,School	ONA	1	6.24	21104
5383	6066	The Five Killers	Action	ONA	1	6.24	312
5385	4532	Tokimeki Memorial: Forever With You	Drama,Romance,School	OVA	2	6.24	1734
5386	5604	True Love Story	Romance	OVA	3	6.24	3409
5389	5139	Black Bullet: Tenchuu＊Girls	Fantasy	Special	1	6.23	6806
5394	1435	Gunslinger Stratos: The Animation	Action,Sci-Fi	TV	12	6.23	47587
5395	2445	Luck &amp; Logic	Action,Fantasy	TV	12	6.23	48314
5396	6804	Majuu Sensen	Action,Fantasy	OVA	3	6.23	320
5406	5764	Kakomareta Sekai	Drama	ONA	1	6.22	786
5408	5305	Kimagure Robot	Comedy,Fantasy,Sci-Fi	TV	10	6.22	1521
5416	2622	Chokin Senshi Cashman	Action,Comedy	OVA	1	6.21	366
5417	4548	Detatoko Princess	Comedy,Fantasy	OVA	3	6.21	1220
5421	3886	Koutetsu Tenshi Kurumi Zero	Drama,Romance,Sci-Fi	OVA	3	6.21	3896
5422	2487	Kujibiki Unbalance	Comedy,Romance,School	OVA	3	6.21	8291
5423	5249	Makasete Iruka!	Action,Comedy,School	OVA	1	6.21	893
5425	6440	Mezame no Hakobune	Fantasy	OVA	1	6.21	1867
5429	2168	Shining Hearts: Shiawase no Pan	Action,Fantasy	TV	12	6.21	27273
5438	6824	Gulliver no Uchuu Ryokou	Adventure,Sci-Fi	Movie	1	6.2	527
5450	6886	Shadow Skill: Kurudaryuu Kousatsuhou no Himitsu	Adventure,Drama,Fantasy,Shounen	OVA	1	6.2	1449
5451	4876	Super Kuma-san	Comedy,Fantasy	Special	1	6.2	534
5454	7351	Barbapapa Sekai wo Mawaru	Adventure,Comedy	TV	50	6.19	528
5455	2742	Ben-To Picture Drama	Comedy	Special	6	6.19	6718
5459	2898	Gunslinger Stratos	Action,Sci-Fi	ONA	1	6.19	2666
5462	1850	Mou Hitotsu no Mirai wo.	Sci-Fi	ONA	3	6.19	6580
5463	6829	Muybridge no Ito	Drama	Movie	1	6.19	797
5465	5403	Taisei Kensetsu: Sri Lanka Kousokudouro	Drama	Special	1	6.19	1906
5466	6189	The Samurai	Comedy,Romance,School,Shounen	OVA	1	6.19	839
5472	3793	Haitai Nanafa	Comedy,Supernatural	TV	13	6.18	5907
5478	2256	Mousou Kagaku Series: Wandaba Style	Comedy,Sci-Fi	TV	12	6.18	2077
5479	6118	Shin Calimero	Comedy	TV	52	6.18	1016
5483	6541	Chiisana Obake Acchi, Kocchi, Socchi	Comedy,Supernatural	TV	50	6.17	1226
5488	2832	Kara no Kyoukai: Mirai Fukuin - Manner Movie	Drama	Movie	1	6.17	4260
5493	1597	Ozma	Action,Sci-Fi	TV	6	6.17	11556
5498	5701	Tenshi na Konamaiki Specials	Shounen	Special	13	6.18	504
5504	2839	Kyoukai no Rinne	Comedy,Supernatural	Special	1	6.16	2983
5514	709	School Days: Valentine Days	Comedy,Romance,School	OVA	1	6.15	32917
5515	6835	Seraphim Call	Drama,Romance,Sci-Fi	TV	12	6.15	2434
5517	1354	Takane no Jitensha	Fantasy,School	Special	1	6.15	1583
5518	6584	The iDOLM@STER Million Live! 1st Anniversary PV	Drama	Special	1	6.15	1292
5522	6898	Cleopatra D.C.	Action,Adventure,Sci-Fi	OVA	3	6.14	1074
5533	3883	Wind: A Breath of Heart (TV)	Drama,Romance,School,Supernatural	TV	13	6.14	7778
5538	1892	I&#039;&#039;s	Drama,Romance	OVA	2	6.13	6419
5541	5742	Nineteen 19	Drama,Romance	OVA	1	6.13	1402
5544	5270	Shining Hearts: Shiawase no Pan Specials	Fantasy	Special	6	6.13	1572
5546	6052	Yonhyakunijuu Renpai Girl	Comedy,Romance,School	Special	1	6.13	2852
5550	4704	Bannou Yasai Ninninman	Comedy,Supernatural	Movie	1	6.13	3612
5557	5212	Houma Hunter Lime	Comedy,Fantasy	OVA	3	6.12	945
5563	2745	Yuru Yuri: Doushite, Tomaranai, Tokimeki, Dokidoki, Paradox, Eternal	Comedy	Special	1	6.13	12967
5573	2399	Ojisan to Marshmallow Special	Comedy	Special	1	6.11	6392
5574	4468	Pia Carrot e Youkoso!!: Sayaka no Koi Monogatari	Comedy,Romance	Movie	1	6.11	1804
5576	6307	Shin SOS Dai Tokyo Tankentai	Adventure	Movie	1	6.11	977
5578	6415	Suki Desu Suzuki-kun!!	Romance	OVA	2	6.11	3514
5581	6267	Arata Kangatari Picture Drama	Fantasy	Special	6	6.1	1129
5584	7306	Comet Lucifer: Garden Indigo no Shasou kara	Adventure,Comedy,Fantasy	Special	12	6.1	2769
5586	6663	Kare Baka: Wagahai no Kare wa Baka de R	Comedy,Romance,School	ONA	8	6.1	4391
5591	4227	The SoulTaker: Tamashii-gari - Komugi Daisakusen	Comedy	Special	3	6.1	1266
5597	2670	Dr. Slump Movie 11: Dr. Mashirito &amp; Abale-chan	Comedy,Sci-Fi,Shounen	Movie	1	6.09	576
5600	6637	Musaigen no Phantom World: Limitless Phantom World	Comedy,Fantasy,Supernatural	Special	7	6.09	6401
5607	4941	Ultraviolet: Code 044	Action,Sci-Fi	TV	12	6.09	3784
5608	7287	Xanadu Dragonslayer Densetsu	Adventure,Comedy,Fantasy	OVA	1	6.09	307
5613	1708	Gunslinger Stratos: The Animation - Kikan/Kaze no Yukue	Action,Sci-Fi	ONA	1	6.08	1348
5615	6304	Koneko no Rakugaki	Comedy	Movie	1	6.08	547
5620	7039	Gensou Jotan Ellcia	Adventure,Fantasy	OVA	4	6.07	940
5626	5397	Taisei Kensetsu: Shin Doha Kokusai Kuukou	Drama	Special	1	6.07	1705
5628	3818	Wake Up, Girl Zoo!	Comedy	ONA	10	6.07	3308
5634	6592	Inferno Cop Specials	Action,Comedy	Special	2	6.06	755
5646	6540	Yuugen Kaisha: Jiken File 00 - Hajimari wa Ayashiku mo Hanayaka ni	Adventure,Comedy,Supernatural	Special	1	6.06	265
5650	5335	G-9	Fantasy	OVA	1	6.05	1693
5655	3877	Memories Off	Drama,Romance	OVA	3	6.05	4488
5656	5081	Parol no Miraijima	Action,Adventure,Fantasy	Movie	1	6.05	1541
5657	4282	Samurai Girl Real Bout High School	Adventure,Comedy,Fantasy,Shounen	TV	13	6.05	6689
5663	5954	Birth	Action,Adventure,Comedy,Sci-Fi	OVA	1	6.04	2129
5664	5926	Bouken! Iczer 3	Action,Adventure,Sci-Fi	OVA	6	6.04	1218
5672	7169	Shining Hearts: Shiawase no Pan - Kokoro ga Todoita Picture Drama	Fantasy	Special	6	6.04	1292
5679	1981	Himegoto	Comedy,School	TV	13	6.03	42129
5687	2063	Avenger	Adventure,Fantasy,Sci-Fi,Shounen	TV	13	6.02	12286
5692	3426	G-On Riders	Action,Comedy,School,Sci-Fi	TV	13	6.02	2606
5699	6115	Baton	Adventure,Sci-Fi	Movie	3	6.01	1482
5705	2776	Kotoura-san: Haruka no Heya	Comedy,School	ONA	6	6.01	9641
5707	7128	Princess Rouge	Fantasy,Romance	OVA	2	6.01	1025
5711	5752	Kodomo no Keijijougaku	Fantasy	ONA	1	6.0	543
5718	4772	The Epic Of ZektBach	Action,Fantasy,Supernatural	OVA	1	6.0	2792
5724	4493	Hoshizora Kiseki	Romance,Sci-Fi	ONA	1	5.99	7674
5726	5760	Melody	Drama	ONA	1	5.99	1018
5731	6101	Boku no Imouto wa &quot;Osaka Okan&quot;: Uchi no Oniichan wa Tokyo Rule	Comedy	Special	1	5.98	2297
5734	5349	Hashire!	Comedy	ONA	1	5.98	556
5736	2736	Kamisama Dolls Specials	Comedy	Special	6	5.98	4985
5739	6864	Ninja Mono	Adventure,Comedy,Shounen,Supernatural	OVA	2	5.98	1651
5746	5996	Mother: Saigo no Shoujo Eve	Adventure,Drama,Sci-Fi	Movie	1	5.97	697
5747	6523	Refrain Blue	Drama,Romance	OVA	3	5.97	1181
5748	1740	Boku no Imouto wa &quot;Osaka Okan&quot;	Comedy	TV	12	5.96	12917
5750	3750	Dark Side Cat	Action	ONA	6	5.96	1821
5756	5450	11eyes Picture Drama	Comedy	Special	13	5.95	2505
5757	3813	Blade &amp; Soul Specials	Comedy	Special	7	5.95	5167
5759	3487	DragonBlade	Action,Fantasy	Movie	1	5.95	427
5762	6743	MAPS	Adventure,Comedy,Sci-Fi	OVA	4	5.95	1007
5763	7112	Mujigen Hunter Fandora	Adventure,Fantasy,Sci-Fi	OVA	3	5.95	688
5767	3544	Yuri Seijin Naoko-san	Comedy	OVA	1	5.95	9485
5770	5336	Kotatsu Neko (ONA)	Comedy	ONA	2	5.94	678
5771	6735	Kumo to Tulip	Adventure	Movie	1	5.94	843
5774	5583	Meshimase Lodoss-tou Senki: Sorette Oishii no?	Comedy	TV	13	5.94	1187
5775	6050	Santa Company	Fantasy	Movie	1	5.94	2659
5777	5140	Selector Infected WIXOSS: Midoriko-san to Piruruku-tan	Comedy	Special	3	5.94	5505
5781	7094	Cream Lemon: New Generation	Drama,Romance	OVA	4	5.93	917
5785	4257	Hoshi no Umi no Amuri	Adventure,Fantasy,Sci-Fi	OVA	3	5.93	2443
5790	1165	Duel Masters	Action,Adventure,Comedy,Shounen	TV	26	5.92	13012
5791	6447	Haru wa Kuru	Adventure	ONA	1	5.92	547
5795	5303	Pugyuru	Comedy,Fantasy,School	TV	13	5.92	2513
5798	6439	Tobira wo Akete	Action,Adventure,Fantasy,Sci-Fi	Movie	1	5.92	894
5803	6614	Kashi no Ki Mokku	Adventure,Fantasy	TV	52	5.91	787
5806	7283	Shizuku	Comedy	Movie	1	5.91	1484
5811	6550	Coluboccoro	Fantasy,Sci-Fi	OVA	1	5.89	1081
5812	2036	Cosplay Complex: Extra Identification	Comedy	OVA	1	5.9	2145
5813	7210	DinoZone	Adventure,Sci-Fi,Shounen	OVA	5	5.9	636
5816	3376	Karen Senki	Action,Sci-Fi	ONA	11	5.9	8697
5828	6539	Wellber no Monogatari: Kanashimi no Senshi Galahad no Banka	Action,Adventure,Comedy,Fantasy	OVA	1	5.89	472
5829	1450	Divine Gate	Action,Fantasy,Sci-Fi	TV	12	5.88	83271
5830	6445	Honey Tokyo	Sci-Fi	ONA	1	5.88	1410
5840	4489	Wizardry	Action,Adventure,Fantasy	OVA	1	5.88	991
5842	6630	Ali Baba to 40-hiki no Touzoku	Action,Fantasy	Movie	1	5.87	602
5850	1436	Chaos Dragon: Sekiryuu Seneki	Action,Fantasy,Supernatural	TV	12	5.86	62257
5858	1804	Superflat First Love	Adventure,Fantasy	Special	1	5.86	2433
5862	7000	Growlanser IV: Wayfarer of the Time	Action	OVA	1	5.85	931
5868	4397	Parappa the Rapper	Comedy,Fantasy	TV	30	5.85	1199
5874	7291	Mini Moni the TV	Comedy	TV	15	5.84	273
5879	6254	Lupin VIII	Adventure,Comedy,Shounen	Special	1	5.83	1166
5881	5247	Misute♡naide Daisy	Comedy,Romance,Sci-Fi	TV	12	5.83	720
5884	7332	Utopa	Sci-Fi	Movie	1	5.83	590
5885	6238	Band of Ninja	Action	Movie	1	5.82	748
5888	894	Kyoto Animation: Hoshi-hen	Fantasy	Special	1	5.82	2295
5894	3796	Boku no Imouto wa &quot;Osaka Okan&quot;: Haishin Gentei Osaka Okan.	Comedy	ONA	1	5.81	2738
5898	2864	Hacka Doll	Fantasy	Special	2	5.81	2961
5900	5924	Iczer-Girl Iczelion	Action,Adventure,Sci-Fi	OVA	2	5.81	1194
5902	6090	Landlock	Adventure,Fantasy,Sci-Fi	OVA	2	5.81	965
5903	6078	Moekan The Animation	Comedy,Romance	OVA	3	5.81	1859
5907	7183	Alice in Cyberland	Action	OVA	1	5.8	605
5913	6054	Saiki Kusuo no Ψ-nan	Comedy,School,Shounen,Supernatural	ONA	1	5.81	3584
5914	2128	Seisen Cerberus: Ryuukoku no Fatalités	Adventure,Fantasy	TV	13	5.8	49394
5915	6714	Shokupan Mimi	Comedy	TV	12	5.8	803
5923	3265	Dimension Loop	Sci-Fi	OVA	1	5.79	1805
5924	3500	Endride	Adventure,Fantasy	TV	24	5.79	38223
5931	5970	Circuit Angel: Ketsui no Starting Grid	Action	OVA	1	5.78	424
5934	6480	Shibainuko-san	Comedy	TV	26	5.78	6204
5936	2812	Zoku Natsume Yuujinchou: 3D Nyanko-sensei Gekijou	Comedy	Special	5	5.78	3265
5937	7162	Dallos Special	Fantasy	Movie	1	5.77	301
5942	6073	Okitegami Kyouko no Bibouroku x Monogatari	Supernatural	ONA	1	5.77	1771
5948	6790	Super Mario Brothers: Peach-hime Kyuushutsu Daisakusen!	Adventure,Comedy,Shounen	Movie	1	5.76	2029
5961	943	Kyoto Animation: Hassou-hen	Fantasy	Special	1	5.73	2246
5962	1677	Lance N&#039; Masques	Fantasy	TV	12	5.73	31827
5969	7023	Kyoufu no Bio Ningen Saishuu Kyoushi	Action,Adventure,Comedy,School,Supernatural	OVA	1	5.72	1628
5970	6034	R20: Ginga Kuukou	Sci-Fi	Special	1	5.72	563
5974	7001	Capricorn	Adventure,Comedy,Fantasy,Sci-Fi,Shounen	OVA	1	5.71	1207
5981	1646	Ai Mai! Moe Can Change!	Comedy,Sci-Fi	OVA	1	5.7	4953
5991	6738	KY Kei JC Kuukichan	Comedy,School	ONA	6	5.69	394
5994	2735	Pink Mizu Dorobou Ame Dorobou	Adventure,Comedy,Fantasy,Shounen	Movie	1	5.7	339
5997	6061	Bishoujo Mobage: Mobami-chan	Fantasy	ONA	1	5.68	763
6002	6441	Kuro Nyago	Fantasy	Movie	1	5.68	1979
6004	6483	Sotsugyou M: Ore-tachi no Carnival	Drama,School	OVA	2	5.68	1268
6007	6929	Barom One	Action,Sci-Fi,Shounen,Supernatural	TV	13	5.67	772
6009	2065	Eien no Aselia	Adventure,Drama,Fantasy	OVA	2	5.67	3132
6011	6798	Majuu Sensen: The Apocalypse	Action,Fantasy	TV	13	5.67	747
6015	6862	Tokyo Juushouden	Action,Adventure,Shounen,Supernatural	OVA	3	5.67	1001
6018	5943	Gokicha!!	Comedy	ONA	2	5.66	5615
6019	4805	Legend of Lemnear: Kyokuguro no Tsubasa Valkisas	Action,Adventure,Fantasy	OVA	1	5.66	3367
6024	4230	Abashiri Ikka	Action,Comedy,Shounen	OVA	4	5.64	2000
6031	6508	Ikeike! Momon-chan	Comedy	TV	15	5.64	443
6036	7167	Kokoro ga Sakebitagatterunda. x Sony Hi-Res &quot;Walkman&quot; and Headphone	Drama	Special	1	5.63	1038
6042	4424	Double-J	Comedy,School,Shounen	TV	11	5.62	8467
6046	5077	663114	Fantasy	Movie	1	5.61	1701
6050	4983	Copihan	Comedy,School,Sci-Fi	ONA	7	5.61	6167
6051	4225	Jikuu Ihoujin Kyoko: Chocola ni Omakase!	Comedy,Fantasy	OVA	1	5.61	2039
6052	7166	Meiji x Kokosake &amp; anohana Receipt Oubo Campaign	Drama	Special	2	5.6	2732
6055	4648	Amon Saga	Action,Adventure,Fantasy	OVA	1	5.6	2781
6060	5479	Nihonichi Momotarou	Fantasy	Movie	1	5.59	705
6061	7284	Prayers	Sci-Fi	OVA	2	5.59	952
6062	3798	Sparrow&#039;s Hotel	Comedy	TV	12	5.59	6654
6084	7315	Hanaori	Comedy	Movie	1	5.54	450
6095	2650	Kämpfer Picture Drama	Comedy	Special	1	5.51	10213
6097	7328	SOS TV Walpurgis Night Fever Episode 0	Comedy,Sci-Fi	Special	1	5.51	542
6098	6146	You Shoumei Bijutsukan Line	Fantasy	OVA	1	5.51	483
6105	5674	Chinka	Action	Special	1	5.49	132
6107	6509	Ikeike! Momon-chan Specials	Comedy	Special	3	5.49	321
6108	6270	Top wo Nerae 2! Kagaku Kouza	Sci-Fi	Special	3	5.49	737
6113	3245	Wagamama High Spec	Comedy,School	TV	12	5.48	19984
6114	6901	Compiler	Comedy,Drama,Romance,Sci-Fi	OVA	2	5.47	1028
6116	7069	Explorer Woman Ray	Action,Adventure	OVA	2	5.47	594
6117	3499	Onigiri	Comedy,Fantasy,Supernatural	TV	13	5.47	15364
6119	5617	Keitai Shoujo	Comedy,Drama,Romance,School	ONA	6	5.46	3655
6128	7330	Idol Ace	Comedy	ONA	1	5.44	559
6135	6987	Netrun-mon the Movie	Comedy	OVA	1	5.42	961
6140	1347	Nandarou	Comedy	Special	1	5.41	1584
6146	4518	Mahou no Chocolate	Drama,Romance	OVA	1	5.39	2277
6147	7275	A.LI.CE	Sci-Fi	Movie	1	5.38	1034
6148	3104	Ai wa KAT-TUN	Comedy	ONA	5	5.38	1513
6151	4172	Jikuu Bouken Nuumamonjaa	Action,Comedy,Fantasy	OVA	1	5.37	5348
6153	6351	Shinpi no Hou	Adventure,Supernatural	Movie	1	5.37	1100
6154	3820	Ai Tenchi Muyou! Recaps	Comedy,Sci-Fi,Shounen	Special	10	5.36	2434
6155	6753	Hanasaka Jijii	Comedy,Drama	Movie	1	5.36	206
6161	6737	Shiawasette Naani	Fantasy	OVA	1	5.35	434
6169	1835	Ark IX	Action	OVA	1	5.33	5308
6170	5951	Hyper-Psychic Geo Garaga	Action,Adventure,Sci-Fi	Movie	1	5.33	674
6175	5636	Spectral Force Chronicle Divergence	Fantasy	OVA	1	5.32	410
6180	6250	Deva Zan	Action,Fantasy	Special	1	5.28	1547
6188	4487	Hanare Toride no Yonna	Adventure,Fantasy	Movie	1	5.26	1748
6190	5997	Odin: Koushi Hansen Starlight	Action,Adventure,Drama,Sci-Fi	Movie	1	5.26	1408
6191	5762	Potecco Babies	Comedy	ONA	2	5.26	184
6198	6830	One: Kagayaku Kisetsu e	Drama,Supernatural	OVA	4	5.24	2285
6200	7187	Highway Jenny	Fantasy	OVA	1	5.23	677
6202	2754	Owari no Chronicle	Action,Adventure,Fantasy,Sci-Fi	Special	1	5.22	1623
6205	5195	First Kiss Monogatari	Drama,Romance	OVA	1	5.21	1878
6213	5641	Spelunker Sensei	Comedy	OVA	1	5.18	1976
6215	6038	Mayo Elle Otoko no Ko	Comedy,School	OVA	1	5.17	820
6216	5198	Nougyou Musume!	Comedy	Special	1	5.17	1133
6218	5337	Oshiruko	Comedy	ONA	1	5.16	749
6219	6544	Amada Anime Series: Super Mario Brothers	Adventure,Comedy,Shounen	OVA	3	5.15	1552
6234	5304	Haru no Ashioto The Movie: Ourin Dakkan	Action,Comedy,School	Movie	1	5.11	1243
6243	5761	Susume! Gachimuchi Sankyoudai	Comedy	ONA	1	5.07	132
6249	5457	BAR Kiraware Yasai	Comedy	TV	13	5.04	1785
6256	6700	Chagama Ondo	Comedy,Supernatural	Movie	1	4.99	322
6265	5316	Rayca	Sci-Fi	OVA	1	4.95	841
6267	5667	KochinPa!	Comedy	TV	12	4.94	529
6268	3621	Ketsuekigata-kun! Featuring Yuri &amp; Nasuno	Comedy	Special	1	4.93	1783
6274	6696	Hinomaru Hatanosuke: Bakemonoyashiki no Maki	Supernatural	Movie	1	4.89	593
6286	6708	Jingle	Fantasy	ONA	1	4.8	214
6288	5733	Tairiki Tarou no Mucha Shuugyou	Action	Movie	1	4.8	852
6290	6659	Konnichiwa Onara Gorou	Comedy	ONA	1	4.76	483
6293	5014	JK Meshi!	Comedy	TV	26	4.71	7131
6296	5398	Fashion no Hajimari	Comedy	ONA	1	4.7	352
6298	5320	Issunboushi no Shusse	Supernatural	Movie	1	4.69	685
6301	6463	Tonari no Yarou	Comedy	Movie	1	4.65	482
6302	5747	Nezumi no Rusuban	Action	Movie	1	4.64	532
6306	6697	Bouken Dankichi: Hyouryuu no Maki	Adventure	Movie	1	4.6	438
6307	4542	6 Angels	Action,Sci-Fi	ONA	6	4.59	1890
6314	6873	Rebirth Moon Divergence	Action,Fantasy	OVA	1	4.5	350
6318	5725	Ragnastrike Angels	Action	TV	12	4.42	7365
6325	5618	Hanoka	Sci-Fi	TV	12	4.27	1686
6333	5675	001	Comedy	ONA	1	4.0	916
6334	6193	Byston Well Monogatari: Garzey no Tsubasa	Fantasy	OVA	3	3.99	5822
6345	5749	The Wash Bird of the Wash Island	Comedy,Fantasy	ONA	1	3.75	312
6352	6709	Ai (ONA)	Romance	ONA	1	3.6	332
6353	5264	Nendo no Tatakai 2	Comedy,Fantasy	ONA	1	3.46	1042
6354	5265	Nendo no Tatakai	Comedy,Fantasy	ONA	1	3.36	1174
6359	5487	Shitcom	Comedy,Romance	ONA	1	2.93	8126
6367	2895	Channel 5.5 3rd Season Prologue	Comedy	ONA	1	4.91	155
6369	2896	Channel 5.5 4th Season Prologue	Comedy	ONA	1	4.81	157
6372	6767	Dorami-chan: Hello Kyouryuu Kids!!	Fantasy	Movie	1	5.9	135
6373	6766	Dorami-chan: Wow, The Kid Gang of Bandits	Fantasy	Movie	1	5.35	126
6382	6727	Katte ni Shirokuma	Comedy	OVA	1	6.04	120
6387	5766	Kintarou	Drama	Movie	1	5.93	91
6388	6633	Kujira no Josephina	Adventure,Fantasy	TV	23	6.53	158
6392	5702	Legend of Basara: Shinbashi Theater	Comedy	Special	1	6.31	163
6393	5506	Linetown	Comedy	TV	50	6.18	369
6397	2887	Nar Doma	Comedy	TV	26	5.02	2124
6401	6443	Piroppo	Comedy	TV	23	5.06	251
6402	6587	Ribbon no Kishi (1999)	Adventure	Movie	1	5.86	178
6403	6655	Taiman Blues: Shimizu Naoto-hen	Shounen	OVA	3	4.85	104
